timestamp,elapsed_s,bottle_psi,tank_psi,chamber_psi,loadcell_lbs,gse_fill,gse_relief,gse_dump,rkt_ox,rkt_fuel,rkt_relief,rkt_dump,rkt_ign
2026-03-28 09:30:05.485,0.082,-1,1156,1140,-4.37,0,0,0,0,0,0,0,0
2026-03-28 09:30:05.614,0.210,-1,1156,1140,-4.4,0,0,0,0,0,0,0,0
2026-03-28 09:30:05.709,0.306,-1,1156,1140,-4.4,0,0,0,0,0,0,0,0
2026-03-28 09:30:05.805,0.402,-1,1156,1140,-4.4,0,0,0,0,0,0,0,0
2026-03-28 09:30:05.870,0.467,-1,1156,1140,-4.37,0,0,0,0,0,0,0,0
2026-03-28 09:30:05.981,0.578,-1,1156,1140,-4.4,0,0,0,0,0,0,0,0
2026-03-28 09:30:06.029,0.626,-1,1156,1140,-4.39,0,0,0,0,0,0,0,0
2026-03-28 09:30:06.125,0.721,-1,1156,1140,-4.37,0,0,0,0,0,0,0,0
2026-03-28 09:30:06.157,0.754,-1,1156,1140,-4.37,0,0,0,0,0,0,0,0
2026-03-28 09:30:06.253,0.850,-1,1156,1140,-4.38,0,0,0,0,0,0,0,0
2026-03-28 09:30:06.301,0.897,-1,1156,1139,-4.4,0,0,0,0,0,0,0,0
2026-03-28 09:30:06.430,1.027,-1,1158,1139,-4.4,0,0,0,0,0,0,0,0
2026-03-28 09:30:06.461,1.058,-1,1157,1140,-4.38,0,0,0,0,0,0,0,0
2026-03-28 09:30:06.541,1.138,-1,1157,1140,-4.36,0,0,0,0,0,0,0,0
2026-03-28 09:30:06.606,1.202,-1,1156,1140,-4.37,0,0,0,0,0,0,0,0
2026-03-28 09:30:06.701,1.297,-1,1156,1140,-4.36,0,0,0,0,0,0,0,0
2026-03-28 09:30:06.765,1.361,-1,1156,1140,-4.38,0,0,0,0,0,0,0,0
2026-03-28 09:30:06.845,1.442,-1,1156,1140,-4.4,0,0,0,0,0,0,0,0
2026-03-28 09:30:06.909,1.506,-1,1156,1140,-4.39,0,0,0,0,0,0,0,0
2026-03-28 09:30:07.006,1.602,-1,1156,1140,-4.4,0,0,0,0,0,0,0,0
2026-03-28 09:30:07.086,1.682,-1,1156,1140,-4.37,0,0,0,0,0,0,0,0
2026-03-28 09:30:07.164,1.761,-1,1156,1140,-4.38,0,0,0,0,0,0,0,0
2026-03-28 09:30:07.230,1.826,0,1156,1140,-4.34,0,0,0,0,0,0,0,0
2026-03-28 09:30:07.341,1.938,-1,1156,1140,-4.36,0,0,0,0,0,0,0,0
2026-03-28 09:30:07.453,2.049,-1,1156,1140,-4.37,0,0,0,0,0,0,0,0
2026-03-28 09:30:07.517,2.114,-1,1156,1140,-4.36,0,0,0,0,0,0,0,0
2026-03-28 09:30:07.645,2.242,-1,1156,1139,-4.34,0,0,0,0,0,0,0,0
2026-03-28 09:30:07.725,2.322,-1,1156,1140,-4.38,0,0,0,0,0,0,0,0
2026-03-28 09:30:07.773,2.370,-1,1156,1140,-4.4,0,0,0,0,0,0,0,0
2026-03-28 09:30:07.853,2.450,-1,1156,1140,-4.38,0,0,0,0,0,0,0,0
2026-03-28 09:30:07.933,2.530,-1,1156,1140,-4.36,0,0,0,0,0,0,0,0
2026-03-28 09:30:08.061,2.657,-1,1156,1140,-4.37,0,0,0,0,0,0,0,0
2026-03-28 09:30:08.125,2.721,-1,1156,1140,-4.35,0,0,0,0,0,0,0,0
2026-03-28 09:30:08.174,2.771,-1,1156,1140,-4.36,0,0,0,0,0,0,0,0
2026-03-28 09:30:08.270,2.866,-1,1156,1139,-4.38,0,0,0,0,0,0,0,0
2026-03-28 09:30:08.381,2.978,-1,1157,1140,-4.35,0,0,0,0,0,0,0,0
2026-03-28 09:30:08.524,3.121,-1,1157,1140,-4.38,0,0,0,0,0,0,0,0
2026-03-28 09:30:08.573,3.170,-1,1156,1140,-4.36,0,0,0,0,0,0,0,0
2026-03-28 09:30:08.625,3.221,-1,1156,1140,-4.35,0,0,0,0,0,0,0,0
2026-03-28 09:30:08.749,3.345,-1,1156,1140,-4.38,0,0,0,0,0,0,0,0
2026-03-28 09:30:08.797,3.393,-1,1156,1140,-4.36,0,0,0,0,0,0,0,0
2026-03-28 09:30:08.862,3.458,-1,1156,1140,-4.38,0,0,0,0,0,0,0,0
2026-03-28 09:30:08.990,3.586,-1,1156,1140,-4.4,0,0,0,0,0,0,0,0
2026-03-28 09:30:09.069,3.665,-1,1156,1140,-4.35,0,0,0,0,0,0,0,0
2026-03-28 09:30:09.149,3.745,-1,1156,1140,-4.38,0,0,0,0,0,0,0,0
2026-03-28 09:30:09.246,3.842,-1,1156,1140,-4.36,0,0,0,0,0,0,0,0
2026-03-28 09:30:09.309,3.906,-1,1156,1140,-4.35,0,0,0,0,0,0,0,0
2026-03-28 09:30:09.373,3.969,0,1156,1140,-4.37,0,0,0,0,0,0,0,0
2026-03-28 09:30:09.501,4.097,-1,1156,1140,-4.36,0,0,0,0,0,0,0,0
2026-03-28 09:30:09.565,4.162,0,1156,1139,-4.38,0,0,0,0,0,0,0,0
2026-03-28 09:30:09.613,4.209,-1,1156,1140,-4.36,0,0,0,0,0,0,0,0
2026-03-28 09:30:09.756,4.353,-1,1155,1141,-4.35,0,0,0,0,0,0,0,0
2026-03-28 09:30:09.821,4.418,-1,1155,1140,-4.36,0,0,0,0,0,0,0,0
2026-03-28 09:30:09.933,4.529,0,1155,1140,-4.36,0,0,0,0,0,0,0,0
2026-03-28 09:30:09.998,4.594,0,1156,1140,-4.33,0,0,0,0,0,0,0,0
2026-03-28 09:30:10.061,4.658,-1,1158,1139,-4.35,0,0,0,0,0,0,0,0
2026-03-28 09:30:10.205,4.801,-1,1157,1140,-4.35,0,0,0,0,0,0,0,0
2026-03-28 09:30:10.238,4.834,-1,1156,1140,-4.35,0,0,0,0,0,0,0,0
2026-03-28 09:30:10.333,4.929,-1,1156,1140,-4.37,0,0,0,0,0,0,0,0
2026-03-28 09:30:10.445,5.041,-1,1156,1140,-4.36,0,0,0,0,0,0,0,0
2026-03-28 09:30:10.493,5.090,-2,1156,1140,-4.38,0,0,0,0,0,0,0,0
2026-03-28 09:30:10.573,5.169,-1,1156,1140,-4.38,0,0,0,0,0,0,0,0
2026-03-28 09:30:10.638,5.234,-1,1156,1140,-4.38,0,0,0,0,0,0,0,0
2026-03-28 09:30:10.700,5.297,-1,1156,1140,-4.4,0,0,0,0,0,0,0,0
2026-03-28 09:30:10.765,5.362,-1,1156,1140,-4.41,0,0,0,0,0,0,0,0
2026-03-28 09:30:10.877,5.474,-1,1156,1140,-4.38,0,0,0,0,0,0,0,0
2026-03-28 09:30:10.974,5.570,-1,1156,1140,-4.36,0,0,0,0,0,0,0,0
2026-03-28 09:30:11.021,5.617,0,1156,1140,-4.37,0,0,0,0,0,0,0,0
2026-03-28 09:30:11.133,5.729,-1,1156,1140,-4.34,0,0,0,0,0,0,0,0
2026-03-28 09:30:11.245,5.841,-1,1156,1140,-4.35,0,0,0,0,0,0,0,0
2026-03-28 09:30:11.277,5.873,-1,1156,1140,-4.36,0,0,0,0,0,0,0,0
2026-03-28 09:30:11.421,6.017,-1,1156,1140,-4.35,0,0,0,0,0,0,0,0
2026-03-28 09:30:11.437,6.033,-1,1156,1140,-4.38,0,0,0,0,0,0,0,0
2026-03-28 09:30:11.533,6.130,-1,1156,1140,-4.38,0,0,0,0,0,0,0,0
2026-03-28 09:30:11.581,6.178,-1,1156,1140,-4.39,0,0,0,0,0,0,0,0
2026-03-28 09:30:11.662,6.259,-1,1156,1140,-4.39,0,0,0,0,0,0,0,0
2026-03-28 09:30:11.773,6.369,-1,1156,1140,-4.36,0,0,0,0,0,0,0,0
2026-03-28 09:30:11.900,6.496,-1,1156,1140,-4.39,0,0,0,0,0,0,0,0
2026-03-28 09:30:11.933,6.530,-1,1156,1139,-4.37,0,0,0,0,0,0,0,0
2026-03-28 09:30:11.981,6.577,-1,1158,1139,-4.37,0,0,0,0,0,0,0,0
2026-03-28 09:30:12.045,6.642,-1,1157,1140,-4.39,0,0,0,0,0,0,0,0
2026-03-28 09:30:12.125,6.722,-1,1157,1140,-4.39,0,0,0,0,0,0,0,0
2026-03-28 09:30:12.253,6.850,-2,1156,1140,-4.39,0,0,0,0,0,0,0,0
2026-03-28 09:30:12.365,6.961,-1,1156,1140,-4.37,0,0,0,0,0,0,0,0
2026-03-28 09:30:12.477,7.074,-1,1156,1140,-4.35,0,0,0,0,0,0,0,0
2026-03-28 09:30:12.509,7.105,-1,1156,1140,-4.35,0,0,0,0,0,0,0,0
2026-03-28 09:30:12.589,7.185,-1,1156,1140,-4.37,0,0,0,0,0,0,0,0
2026-03-28 09:30:12.653,7.250,-1,1156,1140,-4.38,0,0,0,0,0,0,0,0
2026-03-28 09:30:12.732,7.329,0,1156,1140,-4.36,0,0,0,0,0,0,0,0
2026-03-28 09:30:12.845,7.441,-1,1156,1140,-4.37,0,0,0,0,0,0,0,0
2026-03-28 09:30:12.925,7.522,-1,1156,1140,-4.36,0,0,0,0,0,0,0,0
2026-03-28 09:30:13.021,7.618,0,1156,1140,-4.33,0,0,0,0,0,0,0,0
2026-03-28 09:30:13.069,7.665,-1,1156,1140,-4.37,0,0,0,0,0,0,0,0
2026-03-28 09:30:13.149,7.746,-1,1156,1140,-4.37,0,0,0,0,0,0,0,0
2026-03-28 09:30:13.277,7.874,-1,1156,1139,-4.37,0,0,0,0,0,0,0,0
2026-03-28 09:30:13.389,7.985,-1,1156,1140,-4.36,0,0,0,0,0,0,0,0
2026-03-28 09:30:13.420,8.017,-1,1156,1140,-4.35,0,0,0,0,0,0,0,0
2026-03-28 09:30:13.485,8.082,0,1156,1140,-4.35,0,0,0,0,0,0,0,0
2026-03-28 09:30:13.566,8.162,0,1156,1140,-4.35,0,0,0,0,0,0,0,0
2026-03-28 09:30:13.692,8.289,0,1156,1139,-4.4,0,0,0,0,0,0,0,0
2026-03-28 09:30:13.773,8.369,-1,1158,1139,-4.36,0,0,0,0,0,0,0,0
2026-03-28 09:30:13.853,8.450,0,1157,1140,-4.35,0,0,0,0,0,0,0,0
2026-03-28 09:30:13.901,8.497,0,1156,1140,-4.39,0,0,0,0,0,0,0,0
2026-03-28 09:30:13.980,8.577,0,1156,1140,-4.39,0,0,0,0,0,0,0,0
2026-03-28 09:30:14.077,8.674,0,1156,1140,-4.39,0,0,0,0,0,0,0,0
2026-03-28 09:30:14.125,8.721,0,1156,1140,-4.39,0,0,0,0,0,0,0,0
2026-03-28 09:30:14.269,8.866,-1,1156,1140,-4.36,0,0,0,0,0,0,0,0
2026-03-28 09:30:14.318,8.914,0,1156,1140,-4.38,0,0,0,0,0,0,0,0
2026-03-28 09:30:14.381,8.977,-1,1156,1140,-4.37,0,0,0,0,0,0,0,0
2026-03-28 09:30:14.525,9.122,-1,1156,1140,-4.37,0,0,0,0,0,0,0,0
2026-03-28 09:30:14.621,9.217,0,1156,1140,-4.4,0,0,0,0,0,0,0,0
2026-03-28 09:30:14.685,9.282,0,1156,1139,-4.38,0,0,0,0,0,0,0,0
2026-03-28 09:30:14.749,9.345,-2,1156,1140,-4.38,0,0,0,0,0,0,0,0
2026-03-28 09:30:14.829,9.425,-1,1156,1140,-4.38,0,0,0,0,0,0,0,0
2026-03-28 09:30:14.925,9.522,0,1156,1140,-4.36,0,0,0,0,0,0,0,0
2026-03-28 09:30:14.941,9.538,0,1156,1140,-4.39,0,0,0,0,0,0,0,0
2026-03-28 09:30:15.100,9.697,0,1156,1140,-4.39,0,0,0,0,0,0,0,0
2026-03-28 09:30:15.116,9.712,0,1156,1140,-4.38,0,0,0,0,0,0,0,0
2026-03-28 09:30:15.197,9.793,0,1156,1140,-4.38,0,0,0,0,0,0,0,0
2026-03-28 09:30:15.277,9.874,0,1156,1139,-4.36,0,0,0,0,0,0,0,0
2026-03-28 09:30:15.404,10.001,0,1158,1139,-4.36,0,0,0,0,0,0,0,0
2026-03-28 09:30:15.516,10.113,-1,1157,1140,-4.36,0,0,0,0,0,0,0,0
2026-03-28 09:30:15.581,10.177,-1,1156,1140,-4.36,0,0,0,0,0,0,0,0
2026-03-28 09:30:15.613,10.210,-1,1156,1140,-4.37,0,0,0,0,0,0,0,0
2026-03-28 09:30:15.693,10.289,-1,1156,1140,-4.36,0,0,0,0,0,0,0,0
2026-03-28 09:30:15.773,10.370,-1,1156,1140,-4.4,0,0,0,0,0,0,0,0
2026-03-28 09:30:15.868,10.465,-1,1156,1140,-4.39,0,0,0,0,0,0,0,0
2026-03-28 09:30:15.917,10.513,-1,1156,1140,-4.38,0,0,0,0,0,0,0,0
2026-03-28 09:30:15.965,10.561,-1,1156,1140,-4.41,0,0,0,0,0,0,0,0
2026-03-28 09:30:16.140,10.736,-1,1156,1140,-4.42,0,0,0,0,0,0,0,0
2026-03-28 09:30:16.157,10.754,-1,1156,1140,-4.41,0,0,0,0,0,0,0,0
2026-03-28 09:30:16.253,10.850,-1,1156,1140,-4.36,0,0,0,0,0,0,0,0
2026-03-28 09:30:16.301,10.898,-1,1156,1140,-4.39,0,0,0,0,0,0,0,0
2026-03-28 09:30:16.413,11.009,0,1156,1140,-4.37,0,0,0,0,0,0,0,0
2026-03-28 09:30:16.429,11.026,0,1156,1140,-4.37,0,0,0,0,0,0,0,0
2026-03-28 09:30:16.573,11.170,0,1156,1140,-4.39,0,0,0,0,0,0,0,0
2026-03-28 09:30:16.653,11.249,0,1156,1140,-4.36,0,0,0,0,0,0,0,0
2026-03-28 09:30:16.749,11.345,0,1156,1140,-4.39,0,0,0,0,0,0,0,0
2026-03-28 09:30:16.812,11.409,0,1156,1140,-4.37,0,0,0,0,0,0,0,0
2026-03-28 09:30:16.909,11.506,0,1156,1139,-4.4,0,0,0,0,0,0,0,0
2026-03-28 09:30:16.973,11.569,0,1158,1139,-4.36,0,0,0,0,0,0,0,0
2026-03-28 09:30:17.052,11.649,0,1157,1140,-4.39,0,0,0,0,0,0,0,0
2026-03-28 09:30:17.101,11.697,0,1156,1140,-4.38,0,0,0,0,0,0,0,0
2026-03-28 09:30:17.197,11.793,0,1156,1140,-4.38,0,0,0,0,0,0,0,0
2026-03-28 09:30:17.245,11.842,-1,1156,1140,-4.36,0,0,0,0,0,0,0,0
2026-03-28 09:30:17.357,11.954,0,1156,1140,-4.35,0,0,0,0,0,0,0,0
2026-03-28 09:30:17.405,12.002,-1,1156,1140,-4.37,0,0,0,0,0,0,0,0
2026-03-28 09:30:17.581,12.177,0,1156,1140,-4.38,0,0,0,0,0,0,0,0
2026-03-28 09:30:17.661,12.257,0,1156,1140,-4.36,1,0,0,0,0,0,0,0
2026-03-28 09:30:17.740,12.337,1,1156,1140,-4.36,1,0,0,0,0,0,0,0
2026-03-28 09:30:17.773,12.370,-1,1156,1140,-4.38,1,0,0,0,0,0,0,0
2026-03-28 09:30:17.868,12.465,0,1156,1140,-4.35,1,0,0,0,0,0,0,0
2026-03-28 09:30:17.980,12.577,1,1156,1140,-4.36,1,0,0,0,0,0,0,0
2026-03-28 09:30:18.013,12.609,1,1156,1140,-4.39,1,0,0,0,0,0,0,0
2026-03-28 09:30:18.141,12.737,1,1156,1140,-4.39,1,0,0,0,0,0,0,0
2026-03-28 09:30:18.189,12.785,-1,1156,1140,-4.38,1,0,0,0,0,0,0,0
2026-03-28 09:30:18.253,12.849,-1,1156,1140,-4.37,1,0,0,0,0,0,0,0
2026-03-28 09:30:18.348,12.945,-1,1156,1139,-4.38,1,0,0,0,0,0,0,0
2026-03-28 09:30:18.461,13.057,-1,1158,1139,-4.37,1,0,0,0,0,0,0,0
2026-03-28 09:30:18.524,13.121,-1,1157,1140,-4.39,1,0,0,0,0,0,0,0
2026-03-28 09:30:18.589,13.185,-1,1157,1140,-4.36,1,0,0,0,0,0,0,0
2026-03-28 09:30:18.620,13.217,-1,1156,1140,-4.36,1,0,0,0,0,0,0,0
2026-03-28 09:30:18.669,13.265,-1,1156,1140,-4.37,1,0,0,0,0,0,0,0
2026-03-28 09:30:18.877,13.474,1,1156,1140,-4.37,0,0,0,0,0,0,0,0
2026-03-28 09:30:18.893,13.489,-1,1156,1140,-4.35,0,0,0,0,0,0,0,0
2026-03-28 09:30:19.021,13.617,1,1156,1140,-4.36,0,0,0,0,0,0,0,0
2026-03-28 09:30:19.084,13.681,0,1156,1140,-4.35,0,0,0,0,0,0,0,0
2026-03-28 09:30:19.196,13.793,-1,1156,1140,-4.37,0,0,0,0,0,0,0,0
2026-03-28 09:30:19.245,13.841,-1,1156,1140,-4.37,0,0,0,0,0,0,0,0
2026-03-28 09:30:19.405,14.002,0,1156,1140,-4.39,0,0,0,0,0,0,0,0
2026-03-28 09:30:19.469,14.065,-1,1156,1140,-4.4,0,0,0,0,0,0,0,0
2026-03-28 09:30:19.549,14.145,-1,1156,1140,-4.43,0,0,0,0,0,0,0,0
2026-03-28 09:30:19.629,14.225,-1,1156,1139,-4.4,0,0,0,0,0,0,0,0
2026-03-28 09:30:19.692,14.289,-1,1156,1140,-4.35,0,0,0,0,0,0,0,0
2026-03-28 09:30:19.772,14.369,0,1156,1140,-4.38,0,0,0,0,0,0,0,0
2026-03-28 09:30:19.884,14.481,-1,1156,1140,-4.38,0,0,0,0,0,0,0,0
2026-03-28 09:30:19.964,14.561,-1,1156,1140,-4.37,0,0,0,0,0,0,0,0
2026-03-28 09:30:20.028,14.625,-1,1156,1139,-4.4,0,0,0,0,0,0,0,0
2026-03-28 09:30:20.093,14.690,-1,1158,1139,-4.4,0,0,0,0,0,0,0,0
2026-03-28 09:30:20.125,14.721,-1,1157,1140,-4.37,0,0,0,0,0,0,0,0
2026-03-28 09:30:20.269,14.865,-1,1156,1139,-4.38,0,0,0,0,0,0,0,0
2026-03-28 09:30:20.285,14.881,-1,1158,1139,-4.38,0,0,0,0,0,0,0,0
2026-03-28 09:30:20.397,14.993,-1,1157,1140,-4.39,0,0,0,0,0,0,0,0
2026-03-28 09:30:20.477,15.074,-1,1156,1140,-4.36,0,0,0,0,0,0,0,0
2026-03-28 09:30:20.572,15.169,-1,1156,1140,-4.39,0,0,0,0,0,0,0,0
2026-03-28 09:30:20.669,15.265,-1,1156,1140,-4.38,0,0,0,0,0,0,0,0
2026-03-28 09:30:20.717,15.313,-1,1156,1140,-4.38,0,0,0,0,0,0,0,0
2026-03-28 09:30:20.780,15.377,-1,1156,1140,-4.36,0,0,0,0,0,0,0,0
2026-03-28 09:30:20.972,15.569,-1,1156,1140,-4.39,0,0,0,0,0,0,0,0
2026-03-28 09:30:21.021,15.617,-1,1156,1140,-4.37,0,0,0,0,0,0,0,0
2026-03-28 09:30:21.133,15.729,-1,1156,1140,-4.36,0,0,0,0,0,0,0,0
2026-03-28 09:30:21.180,15.777,-1,1156,1140,-4.38,0,0,0,0,0,0,0,0
2026-03-28 09:30:21.245,15.841,-1,1156,1140,-4.36,0,0,0,0,0,0,0,0
2026-03-28 09:30:21.341,15.937,-1,1156,1140,-4.38,0,0,0,0,0,0,0,0
2026-03-28 09:30:21.421,16.017,-1,1156,1140,-4.39,0,0,0,0,0,0,0,0
2026-03-28 09:30:21.533,16.129,-1,1156,1140,-4.39,0,0,0,0,0,0,0,0
2026-03-28 09:30:21.613,16.209,-1,1156,1140,-4.4,0,0,0,0,0,0,0,0
2026-03-28 09:30:21.740,16.337,-1,1156,1140,-4.39,0,0,0,0,0,0,0,0
2026-03-28 09:30:21.837,16.433,-1,1156,1140,-4.4,0,0,0,0,0,0,0,0
2026-03-28 09:30:21.949,16.545,-1,1156,1139,-4.41,0,0,0,0,0,0,0,0
2026-03-28 09:30:22.045,16.641,-1,1158,1139,-4.4,0,0,0,0,0,0,0,0
2026-03-28 09:30:22.093,16.689,0,1157,1140,-4.36,0,0,0,0,0,0,0,0
2026-03-28 09:30:22.205,16.801,0,1157,1140,-4.35,0,0,0,0,0,0,0,0
2026-03-28 09:30:22.332,16.928,-1,1156,1140,-4.37,0,0,0,0,0,0,0,0
2026-03-28 09:30:22.413,17.009,-1,1156,1140,-4.37,0,0,0,0,0,0,0,0
2026-03-28 09:30:22.444,17.041,-1,1156,1140,-4.36,0,0,0,0,0,0,0,0
2026-03-28 09:30:22.605,17.201,-1,1156,1140,-4.36,0,0,0,0,0,0,0,0
2026-03-28 09:30:22.700,17.297,-1,1156,1140,-4.37,1,0,0,0,0,0,0,0
2026-03-28 09:30:22.764,17.361,-1,1156,1140,-4.39,1,0,0,0,0,0,0,0
2026-03-28 09:30:22.861,17.457,-1,1156,1140,-4.36,1,0,0,0,0,0,0,0
2026-03-28 09:30:22.925,17.521,-1,1156,1140,-4.35,1,0,0,0,0,0,0,0
2026-03-28 09:30:23.004,17.601,-1,1156,1140,-4.38,1,0,0,0,0,0,0,0
2026-03-28 09:30:23.085,17.681,-1,1156,1140,-4.37,1,0,0,0,0,0,0,0
2026-03-28 09:30:23.181,17.777,-1,1156,1140,-4.35,1,0,0,0,0,0,0,0
2026-03-28 09:30:23.260,17.856,-1,1156,1140,-4.36,1,0,0,0,0,0,0,0
2026-03-28 09:30:23.325,17.921,-1,1156,1140,-4.38,1,0,0,0,0,0,0,0
2026-03-28 09:30:23.372,17.968,-1,1156,1140,-4.36,1,0,0,0,0,0,0,0
2026-03-28 09:30:23.469,18.065,-1,1156,1140,-4.4,1,0,0,0,0,0,0,0
2026-03-28 09:30:23.533,18.129,-1,1156,1140,-4.36,1,0,0,0,0,0,0,0
2026-03-28 09:30:23.628,18.225,-1,1156,1140,-4.37,1,0,0,0,0,0,0,0
2026-03-28 09:30:23.677,18.273,-1,1156,1140,-4.38,1,0,0,0,0,0,0,0
2026-03-28 09:30:23.804,18.401,-1,1156,1140,-4.37,1,0,0,0,0,0,0,0
2026-03-28 09:30:23.869,18.466,-1,1156,1139,-4.36,1,0,0,0,0,0,0,0
2026-03-28 09:30:23.964,18.561,-1,1158,1139,-4.35,1,0,0,0,0,0,0,0
2026-03-28 09:30:24.028,18.624,-1,1157,1140,-4.37,1,0,0,0,0,0,0,0
2026-03-28 09:30:24.108,18.705,-1,1157,1140,-4.35,1,0,0,0,0,0,0,0
2026-03-28 09:30:24.172,18.769,-1,1156,1140,-4.36,1,0,0,0,0,0,0,0
2026-03-28 09:30:24.316,18.912,-1,1156,1140,-4.38,1,0,0,0,0,0,0,0
2026-03-28 09:30:24.380,18.976,-1,1156,1140,-4.36,1,0,0,0,0,0,0,0
2026-03-28 09:30:24.429,19.025,-1,1156,1140,-4.39,1,0,0,0,0,0,0,0
2026-03-28 09:30:24.493,19.089,-1,1156,1140,-4.38,1,0,0,0,0,0,0,0
2026-03-28 09:30:24.605,19.201,-1,1156,1140,-4.35,1,0,0,0,0,0,0,0
2026-03-28 09:30:24.733,19.330,-1,1156,1140,-4.37,1,0,0,0,0,0,0,0
2026-03-28 09:30:24.780,19.377,-1,1156,1140,-4.38,1,0,0,0,0,0,0,0
2026-03-28 09:30:24.812,19.409,-1,1156,1140,-4.36,1,0,0,0,0,0,0,0
2026-03-28 09:30:24.924,19.521,-1,1156,1140,-4.36,1,0,0,0,0,0,0,0
2026-03-28 09:30:25.020,19.616,-1,1156,1140,-4.38,1,0,0,0,0,0,0,0
2026-03-28 09:30:25.069,19.665,-1,1156,1140,-4.37,1,0,0,0,0,0,0,0
2026-03-28 09:30:25.213,19.809,-1,1156,1139,-4.39,1,0,0,0,0,0,0,0
2026-03-28 09:30:25.260,19.857,0,1156,1140,-4.37,1,0,0,0,0,0,0,0
2026-03-28 09:30:25.340,19.936,-1,1156,1140,-4.36,1,0,0,0,0,0,0,0
2026-03-28 09:30:25.405,20.001,-1,1156,1140,-4.37,1,0,0,0,0,0,0,0
2026-03-28 09:30:25.484,20.081,-1,1156,1140,-4.37,1,0,0,0,0,0,0,0
2026-03-28 09:30:25.548,20.145,-1,1156,1140,-4.39,1,0,0,0,0,0,0,0
2026-03-28 09:30:25.676,20.272,-1,1156,1140,-4.37,1,0,0,0,0,0,0,0
2026-03-28 09:30:25.788,20.385,-1,1156,1140,-4.38,1,0,0,0,0,0,0,0
2026-03-28 09:30:25.804,20.401,-1,1156,1140,-4.4,1,0,0,0,0,0,0,0
2026-03-28 09:30:25.868,20.465,-1,1158,1139,-4.39,1,0,0,0,0,0,0,0
2026-03-28 09:30:25.964,20.560,-1,1157,1140,-4.38,1,0,0,0,0,0,0,0
2026-03-28 09:30:26.028,20.625,-1,1157,1140,-4.38,1,0,0,0,0,0,0,0
2026-03-28 09:30:26.124,20.721,-1,1156,1140,-4.39,1,0,0,0,0,0,0,0
2026-03-28 09:30:26.204,20.801,-1,1156,1140,-4.38,1,0,0,0,0,0,0,0
2026-03-28 09:30:26.253,20.849,-1,1156,1140,-4.41,1,0,0,0,0,0,0,0
2026-03-28 09:30:26.333,20.929,0,1156,1140,-4.41,1,0,0,0,0,0,0,0
2026-03-28 09:30:26.397,20.993,-1,1156,1140,-4.39,1,0,0,0,0,0,0,0
2026-03-28 09:30:26.476,21.072,-1,1156,1140,-4.34,1,0,0,0,0,0,0,0
2026-03-28 09:30:26.572,21.169,-1,1156,1140,-4.37,1,0,0,0,0,0,0,0
2026-03-28 09:30:26.669,21.265,-1,1156,1140,-4.35,1,0,0,0,0,0,0,0
2026-03-28 09:30:26.748,21.345,-1,1156,1140,-4.36,1,0,0,0,0,0,0,0
2026-03-28 09:30:26.844,21.441,-1,1156,1140,-4.36,1,0,0,0,0,0,0,0
2026-03-28 09:30:26.972,21.568,-1,1156,1140,-4.36,1,0,0,0,0,0,0,0
2026-03-28 09:30:27.021,21.617,-1,1156,1140,-4.37,1,0,0,0,0,0,0,0
2026-03-28 09:30:27.116,21.713,-1,1156,1140,-4.38,1,0,0,0,0,0,0,0
2026-03-28 09:30:27.276,21.872,-1,1156,1140,-4.37,1,0,0,0,0,0,0,0
2026-03-28 09:30:27.356,21.952,-1,1156,1140,-4.36,0,0,0,0,0,0,0,0
2026-03-28 09:30:27.437,22.033,-1,1156,1140,-4.37,0,0,0,0,0,0,0,0
2026-03-28 09:30:27.532,22.129,-1,1156,1140,-4.37,0,0,0,0,0,0,0,0
2026-03-28 09:30:27.613,22.209,-1,1156,1140,-4.37,0,0,0,0,0,0,0,0
2026-03-28 09:30:27.724,22.320,-1,1156,1140,-4.39,0,0,0,0,0,0,0,0
2026-03-28 09:30:27.756,22.353,-1,1156,1140,-4.35,0,0,0,0,0,0,0,0
2026-03-28 09:30:27.852,22.448,-1,1156,1139,-4.34,0,0,0,0,0,0,0,0
2026-03-28 09:30:27.964,22.560,-1,1158,1139,-4.38,0,0,0,0,0,0,0,0
2026-03-28 09:30:28.093,22.689,-1,1157,1140,-4.36,0,0,0,0,0,0,0,0
2026-03-28 09:30:28.124,22.720,-1,1157,1140,-4.37,0,0,0,0,0,0,0,0
2026-03-28 09:30:28.251,22.848,-1,1156,1140,-4.37,1,0,0,0,0,0,0,0
2026-03-28 09:30:28.332,22.929,-1,1156,1140,-4.35,1,0,0,0,0,0,0,0
2026-03-28 09:30:28.428,23.025,-1,1156,1140,-4.37,1,0,0,0,0,0,0,0
2026-03-28 09:30:28.459,23.056,-1,1156,1140,-4.38,1,0,0,0,0,0,0,0
2026-03-28 09:30:28.572,23.168,-1,1156,1140,-4.35,1,0,0,0,0,0,0,0
2026-03-28 09:30:28.620,23.217,-1,1156,1140,-4.4,1,0,0,0,0,0,0,0
2026-03-28 09:30:28.700,23.296,-1,1156,1140,-4.36,1,0,0,0,0,0,0,0
2026-03-28 09:30:28.812,23.409,-1,1156,1140,-4.36,1,0,0,0,0,0,0,0
2026-03-28 09:30:28.892,23.489,-1,1156,1140,-4.36,1,0,0,0,0,0,0,0
2026-03-28 09:30:28.956,23.552,-1,1156,1140,-4.4,1,0,0,0,0,0,0,0
2026-03-28 09:30:29.164,23.760,-1,1156,1140,-4.36,1,0,0,0,0,0,0,0
2026-03-28 09:30:29.197,23.793,-1,1156,1140,-4.4,0,0,0,0,0,0,0,0
2026-03-28 09:30:29.276,23.873,-1,1156,1140,-4.37,0,0,0,0,0,0,0,0
2026-03-28 09:30:29.436,24.033,-1,1156,1140,-4.37,0,0,0,0,0,0,0,0
2026-03-28 09:30:29.500,24.096,-1,1156,1140,-4.35,0,0,0,0,0,0,0,0
2026-03-28 09:30:29.644,24.241,-1,1156,1140,-4.37,0,0,0,0,0,0,0,0
2026-03-28 09:30:29.676,24.273,-1,1156,1140,-4.39,0,0,0,0,0,0,0,0
2026-03-28 09:30:29.804,24.401,-1,1156,1140,-4.39,0,0,0,0,0,0,0,0
2026-03-28 09:30:29.899,24.496,-1,1156,1140,-4.37,0,0,0,0,0,0,0,0
2026-03-28 09:30:29.997,24.593,-1,1156,1139,-4.38,0,0,0,0,0,0,0,0
2026-03-28 09:30:30.076,24.673,-1,1158,1139,-4.37,0,0,0,0,0,0,0,0
2026-03-28 09:30:30.189,24.785,-1,1157,1140,-4.38,0,0,0,0,0,0,0,0
2026-03-28 09:30:30.268,24.865,-1,1157,1140,-4.38,0,0,0,0,0,0,0,0
2026-03-28 09:30:30.316,24.913,-1,1156,1140,-4.39,0,0,0,0,0,0,0,0
2026-03-28 09:30:30.412,25.009,-1,1156,1140,-4.37,0,0,0,0,0,0,0,0
2026-03-28 09:30:30.476,25.073,-1,1156,1140,-4.36,0,0,0,0,0,0,0,0
2026-03-28 09:30:30.540,25.136,-1,1156,1140,-4.36,0,0,0,0,0,0,0,0
2026-03-28 09:30:30.620,25.216,-1,1156,1140,-4.35,0,0,0,0,0,0,0,0
2026-03-28 09:30:30.700,25.296,-1,1156,1140,-4.35,0,0,0,0,0,0,0,0
2026-03-28 09:30:30.764,25.360,-1,1156,1140,-4.38,0,0,0,0,0,0,0,0
2026-03-28 09:30:30.844,25.440,-1,1156,1140,-4.36,0,0,0,0,0,0,0,0
2026-03-28 09:30:31.004,25.600,-1,1156,1140,-4.37,0,0,0,0,0,0,0,0
2026-03-28 09:30:31.084,25.681,-1,1156,1140,-4.37,0,0,0,0,0,0,0,0
2026-03-28 09:30:31.132,25.728,-1,1156,1140,-4.35,0,0,0,0,0,0,0,0
2026-03-28 09:30:31.213,25.809,0,1156,1140,-4.37,0,0,0,0,0,0,0,0
2026-03-28 09:30:31.324,25.920,-1,1156,1140,-4.37,0,0,0,0,0,0,0,0
2026-03-28 09:30:31.389,25.985,-1,1156,1140,-4.35,0,0,0,0,0,0,0,0
2026-03-28 09:30:31.500,26.096,-1,1156,1140,-4.36,0,0,0,0,0,0,0,0
2026-03-28 09:30:31.660,26.257,-1,1156,1140,-4.38,0,0,0,0,0,0,0,0
2026-03-28 09:30:31.724,26.320,-1,1156,1140,-4.39,1,0,0,0,0,0,0,0
2026-03-28 09:30:31.804,26.400,-1,1156,1140,-4.36,1,0,0,0,0,0,0,0
2026-03-28 09:30:31.884,26.481,-1,1156,1140,-4.36,1,0,0,0,0,0,0,0
2026-03-28 09:30:32.044,26.641,-1,1156,1140,-4.38,1,0,0,0,0,0,0,0
2026-03-28 09:30:32.046,26.642,-1,1156,1139,-4.36,1,0,0,0,0,0,0,0
2026-03-28 09:30:32.108,26.705,-1,1158,1139,-4.37,1,0,0,0,0,0,0,0
2026-03-28 09:30:32.188,26.784,-1,1157,1140,-4.37,1,0,0,0,0,0,0,0
2026-03-28 09:30:32.380,26.977,-1,1156,1140,-4.38,1,0,0,0,0,0,0,0
2026-03-28 09:30:32.444,27.041,-1,1156,1140,-4.38,1,0,0,0,0,0,0,0
2026-03-28 09:30:32.556,27.153,-1,1156,1140,-4.37,0,0,0,0,0,0,0,0
2026-03-28 09:30:32.558,27.154,-1,1156,1140,-4.37,0,0,0,0,0,0,0,0
2026-03-28 09:30:32.652,27.248,-1,1156,1140,-4.37,0,0,0,0,0,0,0,0
2026-03-28 09:30:32.764,27.361,-1,1156,1140,-4.38,0,0,0,0,0,0,0,0
2026-03-28 09:30:32.780,27.376,-1,1156,1140,-4.36,0,0,0,0,0,0,0,0
2026-03-28 09:30:32.876,27.473,-1,1156,1140,-4.36,0,0,0,0,0,0,0,0
2026-03-28 09:30:32.957,27.553,-1,1156,1140,-4.39,0,0,0,0,0,0,0,0
2026-03-28 09:30:33.020,27.617,-1,1156,1140,-4.36,0,0,0,0,0,0,0,0
2026-03-28 09:30:33.052,27.648,0,1156,1140,-4.4,0,0,0,0,0,0,0,0
2026-03-28 09:30:33.148,27.744,-1,1156,1140,-4.39,0,0,0,0,0,0,0,0
2026-03-28 09:30:33.212,27.809,-1,1156,1140,-4.38,0,0,0,0,0,0,0,0
2026-03-28 09:30:33.357,27.953,-1,1156,1140,-4.43,1,0,0,0,0,0,0,0
2026-03-28 09:30:33.484,28.081,1,1156,1140,-4.4,1,0,0,0,0,0,0,0
2026-03-28 09:30:33.548,28.144,-1,1156,1140,-4.39,1,0,0,0,0,0,0,0
2026-03-28 09:30:33.628,28.225,-1,1156,1140,-4.42,1,0,0,0,0,0,0,0
2026-03-28 09:30:33.675,28.272,-1,1156,1139,-4.4,1,0,0,0,0,0,0,0
2026-03-28 09:30:33.724,28.320,-1,1158,1139,-4.37,1,0,0,0,0,0,0,0
2026-03-28 09:30:33.820,28.416,-1,1157,1140,-4.38,1,0,0,0,0,0,0,0
2026-03-28 09:30:33.948,28.544,-1,1157,1139,-4.37,1,0,0,0,0,0,0,0
2026-03-28 09:30:34.108,28.704,-1,1157,1140,-4.35,1,0,0,0,0,0,0,0
2026-03-28 09:30:34.156,28.753,-1,1157,1140,-4.34,1,0,0,0,0,0,0,0
2026-03-28 09:30:34.252,28.849,-1,1157,1140,-4.39,1,0,0,0,0,0,0,0
2026-03-28 09:30:34.364,28.961,-1,1156,1140,-4.35,0,0,0,0,0,0,0,0
2026-03-28 09:30:34.444,29.040,-1,1158,1140,-4.38,0,0,0,0,0,0,0,0
2026-03-28 09:30:34.604,29.200,-1,1157,1140,-4.35,0,0,0,0,0,0,0,0
2026-03-28 09:30:34.684,29.281,-1,1157,1140,-4.38,0,0,0,0,0,0,0,0
2026-03-28 09:30:34.764,29.360,-1,1156,1140,-4.38,0,0,0,0,0,0,0,0
2026-03-28 09:30:34.876,29.473,-1,1156,1140,-4.38,0,0,0,0,0,0,0,0
2026-03-28 09:30:34.940,29.536,-1,1156,1140,-4.39,0,0,0,0,0,0,0,0
2026-03-28 09:30:34.972,29.569,-1,1156,1139,-4.37,0,0,0,0,0,0,0,0
2026-03-28 09:30:35.132,29.728,-1,1156,1140,-4.37,1,0,0,0,0,0,0,0
2026-03-28 09:30:35.228,29.824,-1,1156,1140,-4.36,1,0,0,0,0,0,0,0
2026-03-28 09:30:35.308,29.904,-1,1156,1140,-4.39,1,0,0,0,0,0,0,0
2026-03-28 09:30:35.339,29.936,-1,1156,1140,-4.37,1,0,0,0,0,0,0,0
2026-03-28 09:30:35.420,30.016,-1,1156,1140,-4.39,1,0,0,0,0,0,0,0
2026-03-28 09:30:35.467,30.063,-1,1156,1140,-4.4,1,0,0,0,0,0,0,0
2026-03-28 09:30:35.611,30.207,-1,1156,1140,-4.4,1,0,0,0,0,0,0,0
2026-03-28 09:30:35.628,30.224,-1,1156,1139,-4.38,1,0,0,0,0,0,0,0
2026-03-28 09:30:35.772,30.369,-1,1158,1139,-4.34,1,0,0,0,0,0,0,0
2026-03-28 09:30:35.868,30.464,-1,1157,1140,-4.33,1,0,0,0,0,0,0,0
2026-03-28 09:30:35.900,30.496,-1,1157,1139,-4.33,1,0,0,0,0,0,0,0
2026-03-28 09:30:35.996,30.593,0,1158,1139,-4.36,1,0,0,0,0,0,0,0
2026-03-28 09:30:36.076,30.672,-1,1157,1140,-4.34,1,0,0,0,0,0,0,0
2026-03-28 09:30:36.157,30.753,-1,1157,1140,-4.39,1,0,0,0,0,0,0,0
2026-03-28 09:30:36.268,30.864,-1,1156,1140,-4.38,1,0,0,0,0,0,0,0
2026-03-28 09:30:36.300,30.896,-1,1156,1140,-4.43,1,0,0,0,0,0,0,0
2026-03-28 09:30:36.444,31.040,-1,1156,1140,-4.46,1,0,0,0,0,0,0,0
2026-03-28 09:30:36.540,31.136,-1,1156,1140,-4.45,1,0,0,0,0,0,0,0
2026-03-28 09:30:36.556,31.153,-1,1156,1140,-4.45,1,0,0,0,0,0,0,0
2026-03-28 09:30:36.652,31.248,-1,1156,1140,-4.47,1,0,0,0,0,0,0,0
2026-03-28 09:30:36.716,31.313,-1,1156,1140,-4.41,1,0,0,0,0,0,0,0
2026-03-28 09:30:36.828,31.425,-1,1156,1140,-4.39,1,0,0,0,0,0,0,0
2026-03-28 09:30:36.940,31.537,-1,1156,1140,-4.37,1,0,0,0,0,0,0,0
2026-03-28 09:30:37.020,31.617,-1,1156,1139,-4.34,1,0,0,0,0,0,0,0
2026-03-28 09:30:37.036,31.632,-1,1156,1140,-4.34,1,0,0,0,0,0,0,0
2026-03-28 09:30:37.131,31.728,-1,1156,1140,-4.37,1,0,0,0,0,0,0,0
2026-03-28 09:30:37.196,31.793,-1,1156,1140,-4.35,1,0,0,0,0,0,0,0
2026-03-28 09:30:37.276,31.873,0,1156,1140,-4.37,1,0,0,0,0,0,0,0
2026-03-28 09:30:37.356,31.952,0,1156,1140,-4.39,1,0,0,0,0,0,0,0
2026-03-28 09:30:37.467,32.064,-1,1156,1140,-4.39,1,0,0,0,0,0,0,0
2026-03-28 09:30:37.531,32.128,-1,1156,1140,-4.41,1,0,0,0,0,0,0,0
2026-03-28 09:30:37.611,32.208,-1,1156,1139,-4.38,1,0,0,0,0,0,0,0
2026-03-28 09:30:37.692,32.288,-1,1158,1139,-4.36,1,0,0,0,0,0,0,0
2026-03-28 09:30:37.787,32.384,-1,1157,1140,-4.38,1,0,0,0,0,0,0,0
2026-03-28 09:30:37.835,32.432,-1,1156,1140,-4.38,1,0,0,0,0,0,0,0
2026-03-28 09:30:37.916,32.512,0,1156,1140,-4.39,1,0,0,0,0,0,0,0
2026-03-28 09:30:37.995,32.592,-1,1156,1140,-4.39,1,0,0,0,0,0,0,0
2026-03-28 09:30:38.075,32.672,-1,1156,1140,-4.36,1,0,0,0,0,0,0,0
2026-03-28 09:30:38.173,32.769,-1,1156,1140,-4.37,1,0,0,0,0,0,0,0
2026-03-28 09:30:38.267,32.864,-1,1156,1140,-4.36,1,0,0,0,0,0,0,0
2026-03-28 09:30:38.395,32.992,-1,1156,1140,-4.36,1,0,0,0,0,0,0,0
2026-03-28 09:30:38.475,33.072,1,1156,1140,-4.37,1,0,0,0,0,0,0,0
2026-03-28 09:30:38.539,33.136,-1,1156,1140,-4.38,1,0,0,0,0,0,0,0
2026-03-28 09:30:38.651,33.248,-1,1156,1140,-4.37,1,0,0,0,0,0,0,0
2026-03-28 09:30:38.683,33.280,-1,1156,1140,-4.37,1,0,0,0,0,0,0,0
2026-03-28 09:30:38.811,33.408,-1,1156,1140,-4.36,1,0,0,0,0,0,0,0
2026-03-28 09:30:38.878,33.474,-1,1156,1140,-4.36,1,0,0,0,0,0,0,0
2026-03-28 09:30:38.987,33.583,0,1156,1139,-4.36,1,0,0,0,0,0,0,0
2026-03-28 09:30:39.036,33.633,-1,1156,1140,-4.36,1,0,0,0,0,0,0,0
2026-03-28 09:30:39.162,33.759,-1,1156,1140,-4.37,1,0,0,0,0,0,0,0
2026-03-28 09:30:39.164,33.760,-1,1156,1140,-4.38,1,0,0,0,0,0,0,0
2026-03-28 09:30:39.260,33.856,-1,1156,1140,-4.37,1,0,0,0,0,0,0,0
2026-03-28 09:30:39.291,33.887,-1,1156,1140,-4.39,1,0,0,0,0,0,0,0
2026-03-28 09:30:39.355,33.951,-1,1156,1140,-4.37,1,0,0,0,0,0,0,0
2026-03-28 09:30:39.499,34.096,-1,1156,1139,-4.39,1,0,0,0,0,0,0,0
2026-03-28 09:30:39.579,34.176,-1,1158,1139,-4.37,1,0,0,0,0,0,0,0
2026-03-28 09:30:39.676,34.272,-1,1157,1140,-4.36,1,0,0,0,0,0,0,0
2026-03-28 09:30:39.771,34.367,-1,1156,1140,-4.36,1,0,0,0,0,0,0,0
2026-03-28 09:30:39.820,34.417,-1,1156,1140,-4.38,1,0,0,0,0,0,0,0
2026-03-28 09:30:39.947,34.544,-1,1156,1140,-4.4,1,0,0,0,0,0,0,0
2026-03-28 09:30:40.043,34.640,-1,1156,1140,-4.38,1,0,0,0,0,0,0,0
2026-03-28 09:30:40.091,34.688,-1,1156,1140,-4.4,1,0,0,0,0,0,0,0
2026-03-28 09:30:40.204,34.800,-1,1156,1140,-4.38,1,0,0,0,0,0,0,0
2026-03-28 09:30:40.252,34.848,-1,1156,1140,-4.36,1,0,0,0,0,0,0,0
2026-03-28 09:30:40.364,34.960,-1,1156,1140,-4.36,1,0,0,0,0,0,0,0
2026-03-28 09:30:40.398,34.994,-1,1156,1140,-4.39,1,0,0,0,0,0,0,0
2026-03-28 09:30:40.523,35.119,-1,1156,1140,-4.36,1,0,0,0,0,0,0,0
2026-03-28 09:30:40.604,35.200,-1,1156,1140,-4.39,1,0,0,0,0,0,0,0
2026-03-28 09:30:40.700,35.296,-1,1156,1140,-4.4,1,0,0,0,0,0,0,0
2026-03-28 09:30:40.764,35.360,-1,1156,1140,-4.36,1,0,0,0,0,0,0,0
2026-03-28 09:30:40.844,35.440,-1,1156,1139,-4.38,1,0,0,0,0,0,0,0
2026-03-28 09:30:40.956,35.552,-1,1156,1140,-4.37,1,0,0,0,0,0,0,0
2026-03-28 09:30:41.035,35.632,-1,1156,1140,-4.37,1,0,0,0,0,0,0,0
2026-03-28 09:30:41.084,35.680,-1,1156,1140,-4.37,1,0,0,0,0,0,0,0
2026-03-28 09:30:41.196,35.792,-1,1156,1140,-4.37,1,0,0,0,0,0,0,0
2026-03-28 09:30:41.275,35.872,-1,1156,1140,-4.38,1,0,0,0,0,0,0,0
2026-03-28 09:30:41.277,35.873,-1,1156,1140,-4.38,1,0,0,0,0,0,0,0
2026-03-28 09:30:41.387,35.984,-1,1156,1140,-4.38,1,0,0,0,0,0,0,0
2026-03-28 09:30:41.500,36.096,0,1156,1139,-4.39,1,0,0,0,0,0,0,0
2026-03-28 09:30:41.531,36.128,-1,1158,1139,-4.37,1,0,0,0,0,0,0,0
2026-03-28 09:30:41.627,36.224,-1,1157,1140,-4.36,1,0,0,0,0,0,0,0
2026-03-28 09:30:41.740,36.337,-1,1157,1140,-4.37,1,0,0,0,0,0,0,0
2026-03-28 09:30:41.803,36.399,-1,1156,1140,-4.36,1,0,0,0,0,0,0,0
2026-03-28 09:30:41.822,36.418,-1,1156,1140,-4.35,1,0,0,0,0,0,0,0
2026-03-28 09:30:41.979,36.576,1,1156,1140,-4.38,1,0,0,0,0,0,0,0
2026-03-28 09:30:42.013,36.610,0,1156,1140,-4.36,1,0,0,0,0,0,0,0
2026-03-28 09:30:42.110,36.707,-1,1156,1140,-4.36,1,0,0,0,0,0,0,0
2026-03-28 09:30:42.188,36.785,-1,1156,1140,-4.36,1,0,0,0,0,0,0,0
2026-03-28 09:30:42.283,36.879,0,1156,1140,-4.36,1,0,0,0,0,0,0,0
2026-03-28 09:30:42.363,36.960,-1,1156,1140,-4.38,1,0,0,0,0,0,0,0
2026-03-28 09:30:42.459,37.056,-1,1156,1140,-4.37,1,0,0,0,0,0,0,0
2026-03-28 09:30:42.541,37.138,-1,1156,1140,-4.37,1,0,0,0,0,0,0,0
2026-03-28 09:30:42.588,37.184,-1,1156,1140,-4.38,1,0,0,0,0,0,0,0
2026-03-28 09:30:42.668,37.264,-1,1156,1140,-4.36,1,0,0,0,0,0,0,0
2026-03-28 09:30:42.719,37.315,-1,1156,1140,-4.39,1,0,0,0,0,0,0,0
2026-03-28 09:30:42.812,37.408,-1,1156,1140,-4.37,1,0,0,0,0,0,0,0
2026-03-28 09:30:42.939,37.536,-1,1156,1140,-4.38,1,0,0,0,0,0,0,0
2026-03-28 09:30:42.945,37.542,-1,1156,1140,-4.36,1,0,0,0,0,0,0,0
2026-03-28 09:30:42.956,37.552,-1,1156,1140,-4.35,1,0,0,0,0,0,0,0
2026-03-28 09:30:43.100,37.696,-1,1158,1139,-4.35,1,0,0,0,0,0,0,0
2026-03-28 09:30:43.195,37.792,0,1157,1140,-4.38,1,0,0,0,0,0,0,0
2026-03-28 09:30:43.246,37.843,0,1157,1140,-4.38,1,0,0,0,0,0,0,0
2026-03-28 09:30:43.324,37.920,-1,1156,1140,-4.37,1,0,0,0,0,0,0,0
2026-03-28 09:30:43.389,37.985,-1,1156,1140,-4.35,1,0,0,0,0,0,0,0
2026-03-28 09:30:43.467,38.064,-1,1156,1140,-4.38,1,0,0,0,0,0,0,0
2026-03-28 09:30:43.580,38.176,-1,1156,1140,-4.37,1,0,0,0,0,0,0,0
2026-03-28 09:30:43.708,38.304,-1,1156,1140,-4.38,1,0,0,0,0,0,0,0
2026-03-28 09:30:43.741,38.338,-1,1156,1140,-4.4,1,0,0,0,0,0,0,0
2026-03-28 09:30:43.883,38.480,-1,1156,1140,-4.37,1,0,0,0,0,0,0,0
2026-03-28 09:30:43.915,38.511,-1,1156,1140,-4.39,1,0,0,0,0,0,0,0
2026-03-28 09:30:43.979,38.576,-1,1156,1140,-4.4,1,0,0,0,0,0,0,0
2026-03-28 09:30:44.075,38.672,-1,1156,1140,-4.39,1,0,0,0,0,0,0,0
2026-03-28 09:30:44.127,38.723,-1,1156,1140,-4.36,1,0,0,0,0,0,0,0
2026-03-28 09:30:44.207,38.803,-1,1156,1140,-4.36,1,0,0,0,0,0,0,0
2026-03-28 09:30:44.331,38.928,0,1156,1140,-4.36,1,0,0,0,0,0,0,0
2026-03-28 09:30:44.523,39.120,-1,1156,1140,-4.35,1,1,0,0,0,0,0,0
2026-03-28 09:30:44.588,39.184,1,1156,1140,-4.37,1,1,0,0,0,0,0,0
2026-03-28 09:30:44.668,39.264,-1,1156,1140,-4.36,1,1,0,0,0,0,0,0
2026-03-28 09:30:44.795,39.392,1,1156,1140,-4.36,1,1,0,0,0,0,0,0
2026-03-28 09:30:44.831,39.428,1,1156,1140,-4.38,1,1,0,0,0,0,0,0
2026-03-28 09:30:44.863,39.460,1,1156,1140,-4.37,1,1,0,0,0,0,0,0
2026-03-28 09:30:44.939,39.535,1,1156,1139,-4.37,1,1,0,0,0,0,0,0
2026-03-28 09:30:45.051,39.647,1,1158,1139,-4.37,1,1,0,0,0,0,0,0
2026-03-28 09:30:45.100,39.696,1,1157,1140,-4.37,1,1,0,0,0,0,0,0
2026-03-28 09:30:45.148,39.744,1,1157,1140,-4.37,1,1,0,0,0,0,0,0
2026-03-28 09:30:45.228,39.824,1,1156,1140,-4.35,1,1,0,0,0,0,0,0
2026-03-28 09:30:45.322,39.919,0,1156,1140,-4.37,1,1,0,0,0,0,0,0
2026-03-28 09:30:45.371,39.967,1,1156,1140,-4.38,1,1,0,0,0,0,0,0
2026-03-28 09:30:45.435,40.031,-1,1156,1140,-4.36,1,1,0,0,0,0,0,0
2026-03-28 09:30:45.530,40.127,-1,1156,1140,-4.36,1,1,0,0,0,0,0,0
2026-03-28 09:30:45.611,40.207,-1,1156,1140,-4.37,1,1,0,0,0,0,0,0
2026-03-28 09:30:45.675,40.272,-1,1156,1139,-4.36,1,1,0,0,0,0,0,0
2026-03-28 09:30:45.723,40.320,-1,1156,1140,-4.33,1,1,0,0,0,0,0,0
2026-03-28 09:30:45.820,40.416,-1,1156,1140,-4.34,1,1,0,0,0,0,0,0
2026-03-28 09:30:45.899,40.495,-1,1156,1139,-4.33,1,1,0,0,0,0,0,0
2026-03-28 09:30:46.046,40.643,-1,1156,1140,-4.35,1,1,0,0,0,0,0,0
2026-03-28 09:30:46.123,40.719,-1,1156,1140,-4.35,1,1,0,0,0,0,0,0
2026-03-28 09:30:46.139,40.736,-1,1156,1140,-4.39,1,1,0,0,0,0,0,0
2026-03-28 09:30:46.256,40.852,-1,1156,1140,-4.38,1,1,0,0,0,0,0,0
2026-03-28 09:30:46.347,40.943,-1,1156,1140,-4.42,1,1,0,0,0,0,0,0
2026-03-28 09:30:46.395,40.992,-1,1158,1139,-4.42,1,1,0,0,0,0,0,0
2026-03-28 09:30:46.507,41.103,-1,1157,1140,-4.38,1,1,0,0,0,0,0,0
2026-03-28 09:30:46.635,41.232,-1,1157,1139,-4.4,1,1,0,0,0,0,0,0
2026-03-28 09:30:46.666,41.263,-1,1158,1139,-4.36,1,1,0,0,0,0,0,0
2026-03-28 09:30:46.747,41.344,-1,1157,1140,-4.36,1,1,0,0,0,0,0,0
2026-03-28 09:30:46.843,41.439,-1,1157,1140,-4.35,1,1,0,0,0,0,0,0
2026-03-28 09:30:46.895,41.492,0,1156,1140,-4.4,1,1,0,0,0,0,0,0
2026-03-28 09:30:46.956,41.552,-1,1156,1140,-4.36,1,1,0,0,0,0,0,0
2026-03-28 09:30:47.067,41.664,-1,1156,1140,-4.4,1,1,0,0,0,0,0,0
2026-03-28 09:30:47.069,41.666,-1,1156,1140,-4.4,1,1,0,0,0,0,0,0
2026-03-28 09:30:47.163,41.759,0,1156,1140,-4.39,1,1,0,0,0,0,0,0
2026-03-28 09:30:47.259,41.855,0,1156,1140,-4.39,1,1,0,0,0,0,0,0
2026-03-28 09:30:47.308,41.904,0,1156,1140,-4.39,1,1,0,0,0,0,0,0
2026-03-28 09:30:47.371,41.967,0,1156,1140,-4.36,1,1,0,0,0,0,0,0
2026-03-28 09:30:47.403,41.999,0,1156,1140,-4.36,1,1,0,0,0,0,0,0
2026-03-28 09:30:47.515,42.111,-1,1156,1139,-4.37,1,1,0,0,0,0,0,0
2026-03-28 09:30:47.611,42.208,0,1156,1140,-4.38,1,1,0,0,0,0,0,0
2026-03-28 09:30:47.675,42.272,-1,1156,1140,-4.36,1,1,0,0,0,0,0,0
2026-03-28 09:30:47.755,42.351,-1,1156,1140,-4.36,1,1,0,0,0,0,0,0
2026-03-28 09:30:47.852,42.448,-1,1156,1140,-4.35,1,1,0,0,0,0,0,0
2026-03-28 09:30:47.931,42.527,-1,1156,1140,-4.38,1,1,0,0,0,0,0,0
2026-03-28 09:30:48.015,42.611,-1,1156,1140,-4.38,1,1,0,0,0,0,0,0
2026-03-28 09:30:48.047,42.643,-1,1156,1140,-4.35,1,1,0,0,0,0,0,0
2026-03-28 09:30:48.107,42.704,-1,1156,1139,-4.37,1,1,0,0,0,0,0,0
2026-03-28 09:30:48.235,42.832,-1,1158,1139,-4.38,1,1,0,0,0,0,0,0
2026-03-28 09:30:48.254,42.851,-1,1157,1140,-4.34,1,1,0,0,0,0,0,0
2026-03-28 09:30:48.411,43.007,-1,1156,1140,-4.39,1,1,0,0,0,0,0,0
2026-03-28 09:30:48.540,43.137,-1,1156,1140,-4.38,1,1,0,0,0,0,0,0
2026-03-28 09:30:48.571,43.168,-1,1156,1140,-4.37,1,1,0,0,0,0,0,0
2026-03-28 09:30:48.683,43.279,-1,1156,1140,-4.39,1,1,0,0,0,0,0,0
2026-03-28 09:30:48.715,43.312,-1,1156,1140,-4.4,1,1,0,0,0,0,0,0
2026-03-28 09:30:48.797,43.394,-1,1156,1140,-4.39,1,1,0,0,0,0,0,0
2026-03-28 09:30:48.875,43.471,-1,1156,1140,-4.36,1,1,0,0,0,0,0,0
2026-03-28 09:30:48.923,43.519,-1,1156,1140,-4.39,1,1,0,0,0,0,0,0
2026-03-28 09:30:49.035,43.632,-1,1156,1140,-4.4,1,1,0,0,0,0,0,0
2026-03-28 09:30:49.115,43.712,-1,1156,1140,-4.38,1,1,0,0,0,0,0,0
2026-03-28 09:30:49.196,43.792,-1,1156,1140,-4.37,1,1,0,0,0,0,0,0
2026-03-28 09:30:49.259,43.856,-1,1156,1140,-4.37,1,1,0,0,0,0,0,0
2026-03-28 09:30:49.387,43.984,-1,1156,1139,-4.38,1,1,0,0,0,0,0,0
2026-03-28 09:30:49.454,44.050,-1,1156,1140,-4.38,1,1,0,0,0,0,0,0
2026-03-28 09:30:49.547,44.144,-1,1156,1140,-4.36,1,1,0,0,0,0,0,0
2026-03-28 09:30:49.627,44.224,-1,1156,1140,-4.39,1,1,0,0,0,0,0,0
2026-03-28 09:30:49.693,44.289,-1,1156,1140,-4.36,1,1,0,0,0,0,0,0
2026-03-28 09:30:49.771,44.367,-1,1156,1140,-4.35,1,1,0,0,0,0,0,0
2026-03-28 09:30:49.852,44.448,-1,1156,1140,-4.36,1,1,0,0,0,0,0,0
2026-03-28 09:30:49.918,44.514,-1,1156,1140,-4.36,1,1,0,0,0,0,0,0
2026-03-28 09:30:50.058,44.655,-1,1156,1139,-4.37,1,1,0,0,0,0,0,0
2026-03-28 09:30:50.091,44.687,-1,1158,1139,-4.35,1,1,0,0,0,0,0,0
2026-03-28 09:30:50.187,44.784,-1,1157,1140,-4.38,1,1,0,0,0,0,0,0
2026-03-28 09:30:50.282,44.879,-1,1157,1140,-4.37,1,1,0,0,0,0,0,0
2026-03-28 09:30:50.299,44.895,-1,1156,1140,-4.38,1,1,0,0,0,0,0,0
2026-03-28 09:30:50.363,44.959,-2,1156,1140,-4.36,1,1,0,0,0,0,0,0
2026-03-28 09:30:50.491,45.087,-1,1156,1140,-4.38,1,1,0,0,0,0,0,0
2026-03-28 09:30:50.539,45.136,-1,1156,1140,-4.39,1,1,0,0,0,0,0,0
2026-03-28 09:30:50.650,45.247,-1,1156,1140,-4.4,1,1,0,0,0,0,0,0
2026-03-28 09:30:50.716,45.312,0,1156,1140,-4.38,1,1,0,0,0,0,0,0
2026-03-28 09:30:50.826,45.423,0,1156,1140,-4.36,1,1,0,0,0,0,0,0
2026-03-28 09:30:50.923,45.519,-1,1156,1140,-4.39,1,1,0,0,0,0,0,0
2026-03-28 09:30:50.987,45.583,-1,1156,1140,-4.37,1,1,0,0,0,0,0,0
2026-03-28 09:30:51.099,45.695,-1,1156,1140,-4.36,1,1,0,0,0,0,0,0
2026-03-28 09:30:51.163,45.759,-1,1156,1140,-4.37,1,1,0,0,0,0,0,0
2026-03-28 09:30:51.211,45.808,-1,1156,1140,-4.38,1,1,0,0,0,0,0,0
2026-03-28 09:30:51.339,45.935,-1,1156,1140,-4.38,1,1,0,0,0,0,0,0
2026-03-28 09:30:51.467,46.064,-1,1156,1140,-4.37,1,1,0,0,0,0,0,0
2026-03-28 09:30:51.563,46.159,-1,1156,1140,-4.4,1,1,0,0,0,0,0,0
2026-03-28 09:30:51.595,46.191,-1,1156,1139,-4.38,1,1,0,0,0,0,0,0
2026-03-28 09:30:51.707,46.303,-1,1158,1139,-4.36,1,1,0,0,0,0,0,0
2026-03-28 09:30:51.803,46.399,-1,1157,1140,-4.36,1,1,0,0,0,0,0,0
2026-03-28 09:30:51.931,46.527,-1,1157,1140,-4.36,1,1,0,0,0,0,0,0
2026-03-28 09:30:52.027,46.624,-1,1156,1140,-4.35,1,1,0,0,0,0,0,0
2026-03-28 09:30:52.139,46.735,-1,1156,1140,-4.37,1,0,0,0,0,0,0,0
2026-03-28 09:30:52.235,46.831,-1,1156,1140,-4.36,1,0,0,0,0,0,0,0
2026-03-28 09:30:52.267,46.863,-1,1156,1140,-4.36,1,0,0,0,0,0,0,0
2026-03-28 09:30:52.363,46.959,-1,1156,1140,-4.38,1,0,0,0,0,0,0,0
2026-03-28 09:30:52.443,47.039,-1,1156,1140,-4.38,1,0,0,0,0,0,0,0
2026-03-28 09:30:52.523,47.120,0,1156,1140,-4.36,1,0,0,0,0,0,0,0
2026-03-28 09:30:52.586,47.183,-1,1156,1140,-4.37,1,0,0,0,0,0,0,0
2026-03-28 09:30:52.651,47.247,-1,1156,1140,-4.37,1,0,0,0,0,0,0,0
2026-03-28 09:30:52.731,47.327,-1,1156,1140,-4.37,1,0,0,0,0,0,0,0
2026-03-28 09:30:52.811,47.407,-1,1156,1140,-4.38,1,0,0,0,0,0,0,0
2026-03-28 09:30:52.892,47.488,-1,1156,1140,-4.39,1,0,0,0,0,0,0,0
2026-03-28 09:30:53.003,47.599,-1,1156,1140,-4.38,1,0,0,0,0,0,0,0
2026-03-28 09:30:53.066,47.663,-1,1156,1140,-4.36,1,0,0,0,0,0,0,0
2026-03-28 09:30:53.115,47.712,-1,1156,1140,-4.36,1,0,0,0,0,0,0,0
2026-03-28 09:30:53.195,47.791,-1,1156,1140,-4.35,1,0,0,0,0,0,0,0
2026-03-28 09:30:53.323,47.919,-1,1156,1140,-4.37,1,0,0,0,0,0,0,0
2026-03-28 09:30:53.371,47.967,-1,1156,1140,-4.35,1,0,0,0,0,0,0,0
2026-03-28 09:30:53.466,48.063,-1,1156,1140,-4.38,1,0,0,0,0,0,0,0
2026-03-28 09:30:53.546,48.143,-1,1156,1140,-4.35,1,0,0,0,0,0,0,0
2026-03-28 09:30:53.691,48.287,-1,1156,1139,-4.36,1,0,0,0,0,0,0,0
2026-03-28 09:30:53.707,48.303,-1,1158,1139,-4.36,1,0,0,0,0,0,0,0
2026-03-28 09:30:53.787,48.384,-1,1157,1140,-4.38,1,0,0,0,0,0,0,0
2026-03-28 09:30:53.867,48.464,-1,1157,1140,-4.36,1,0,0,0,0,0,0,0
2026-03-28 09:30:53.946,48.542,-1,1156,1140,-4.36,1,0,0,0,0,0,0,0
2026-03-28 09:30:54.027,48.624,-1,1156,1140,-4.35,1,0,0,0,0,0,0,0
2026-03-28 09:30:54.123,48.719,-1,1156,1140,-4.38,1,0,0,0,0,0,0,0
2026-03-28 09:30:54.203,48.799,-1,1156,1140,-4.39,1,0,0,0,0,0,0,0
2026-03-28 09:30:54.251,48.847,-1,1156,1140,-4.39,1,0,0,0,0,0,0,0
2026-03-28 09:30:54.379,48.975,-1,1156,1140,-4.37,1,0,0,0,0,0,0,0
2026-03-28 09:30:54.461,49.057,-1,1156,1140,-4.36,1,0,0,0,0,0,0,0
2026-03-28 09:30:54.539,49.136,-1,1156,1140,-4.35,1,0,0,0,0,0,0,0
2026-03-28 09:30:54.667,49.263,-1,1156,1140,-4.39,1,0,0,0,0,0,0,0
2026-03-28 09:30:54.746,49.343,-1,1156,1140,-4.36,1,0,0,0,0,0,0,0
2026-03-28 09:30:54.842,49.439,-1,1156,1140,-4.37,1,0,0,0,0,0,0,0
2026-03-28 09:30:54.954,49.551,-1,1156,1139,-4.37,1,0,0,0,0,0,0,0
2026-03-28 09:30:55.051,49.647,-1,1156,1140,-4.36,1,0,0,0,0,0,0,0
2026-03-28 09:30:55.114,49.711,-1,1156,1140,-4.37,1,0,0,0,0,0,0,0
2026-03-28 09:30:55.194,49.791,-1,1156,1140,-4.37,1,0,0,0,0,0,0,0
2026-03-28 09:30:55.323,49.919,-1,1156,1140,-4.39,1,0,0,0,0,0,0,0
2026-03-28 09:30:55.338,49.935,-1,1156,1140,-4.39,1,0,0,0,0,0,0,0
2026-03-28 09:30:55.435,50.031,-1,1156,1140,-4.38,1,0,0,0,0,0,0,0
2026-03-28 09:30:55.467,50.063,-1,1156,1140,-4.36,1,0,0,0,0,0,0,0
2026-03-28 09:30:55.595,50.192,-1,1156,1139,-4.36,1,0,0,0,0,0,0,0
2026-03-28 09:30:55.643,50.239,-1,1158,1139,-4.37,1,0,0,0,0,0,0,0
2026-03-28 09:30:55.723,50.319,-1,1157,1140,-4.35,1,0,0,0,0,0,0,0
2026-03-28 09:30:55.802,50.398,-1,1157,1140,-4.37,1,0,0,0,0,0,0,0
2026-03-28 09:30:55.898,50.494,-1,1156,1140,-4.37,1,0,0,0,0,0,0,0
2026-03-28 09:30:55.979,50.576,-2,1156,1140,-4.39,1,0,0,0,0,0,0,0
2026-03-28 09:30:56.075,50.671,-1,1156,1140,-4.37,1,0,0,0,0,0,0,0
2026-03-28 09:30:56.091,50.687,-1,1156,1140,-4.35,1,0,0,0,0,0,0,0
2026-03-28 09:30:56.219,50.815,-1,1156,1140,-4.38,1,0,0,0,0,0,0,0
2026-03-28 09:30:56.266,50.863,-1,1156,1140,-4.37,1,0,0,0,0,0,0,0
2026-03-28 09:30:56.379,50.975,-1,1156,1140,-4.38,1,0,0,0,0,0,0,0
2026-03-28 09:30:56.507,51.103,-1,1156,1140,-4.37,1,0,0,0,0,0,0,0
2026-03-28 09:30:56.554,51.151,-2,1156,1140,-4.37,1,0,0,0,0,0,0,0
2026-03-28 09:30:56.634,51.231,-1,1156,1140,-4.35,1,0,0,0,0,0,0,0
2026-03-28 09:30:56.730,51.327,-1,1156,1140,-4.38,1,0,0,0,0,0,0,0
2026-03-28 09:30:56.762,51.359,-1,1156,1140,-4.37,1,0,0,0,0,0,0,0
2026-03-28 09:30:56.875,51.471,-1,1156,1139,-4.37,1,0,0,0,0,0,0,0
2026-03-28 09:30:56.939,51.535,-1,1156,1140,-4.36,1,0,0,0,0,0,0,0
2026-03-28 09:30:57.082,51.679,-1,1156,1140,-4.36,1,0,0,0,0,0,0,0
2026-03-28 09:30:57.162,51.759,-1,1156,1140,-4.36,1,0,0,0,0,0,0,0
2026-03-28 09:30:57.210,51.807,-1,1156,1140,-4.38,1,0,0,0,0,0,0,0
2026-03-28 09:30:57.307,51.903,-1,1156,1140,-4.37,1,0,0,0,0,0,0,0
2026-03-28 09:30:57.370,51.967,-1,1156,1140,-4.38,1,0,0,0,0,0,0,0
2026-03-28 09:30:57.451,52.047,-1,1156,1140,-4.37,1,0,0,0,0,0,0,0
2026-03-28 09:30:57.513,52.110,-1,1156,1139,-4.37,1,0,0,0,0,0,0,0
2026-03-28 09:30:57.610,52.207,-1,1158,1139,-4.37,1,0,0,0,0,0,0,0
2026-03-28 09:30:57.659,52.256,0,1157,1140,-4.35,1,0,0,0,0,0,0,0
2026-03-28 09:30:57.755,52.351,-1,1157,1140,-4.38,1,0,0,0,0,0,0,0
2026-03-28 09:30:57.866,52.462,0,1156,1140,-4.38,1,0,0,0,0,0,0,0
2026-03-28 09:30:57.914,52.511,-1,1156,1140,-4.36,1,0,0,0,0,0,0,0
2026-03-28 09:30:58.011,52.607,-1,1156,1140,-4.38,1,0,0,0,0,0,0,0
2026-03-28 09:30:58.138,52.735,0,1156,1140,-4.38,1,0,0,0,0,0,0,0
2026-03-28 09:30:58.218,52.814,-1,1156,1140,-4.39,1,0,0,0,0,0,0,0
2026-03-28 09:30:58.299,52.895,-1,1156,1140,-4.37,1,0,0,0,0,0,0,0
2026-03-28 09:30:58.410,53.007,0,1156,1140,-4.38,1,0,0,0,0,0,0,0
2026-03-28 09:30:58.491,53.087,0,1156,1140,-4.38,1,0,0,0,0,0,0,0
2026-03-28 09:30:58.571,53.167,-1,1156,1140,-4.39,1,0,0,0,0,0,0,0
2026-03-28 09:30:58.635,53.231,0,1156,1140,-4.39,1,0,0,0,0,0,0,0
2026-03-28 09:30:58.714,53.311,-1,1156,1140,-4.35,1,0,0,0,0,0,0,0
2026-03-28 09:30:58.778,53.375,-1,1156,1140,-4.37,1,0,0,0,0,0,0,0
2026-03-28 09:30:58.875,53.472,-1,1156,1140,-4.37,1,0,0,0,0,0,0,0
2026-03-28 09:30:58.955,53.551,-1,1156,1140,-4.37,1,0,0,0,0,0,0,0
2026-03-28 09:30:59.051,53.647,-1,1156,1140,-4.39,1,0,0,0,0,0,0,0
2026-03-28 09:30:59.083,53.679,-1,1156,1140,-4.36,1,0,0,0,0,0,0,0
2026-03-28 09:30:59.194,53.791,-1,1156,1140,-4.38,1,0,0,0,0,0,0,0
2026-03-28 09:30:59.259,53.855,-1,1158,1139,-4.39,1,0,0,0,0,0,0,0
2026-03-28 09:30:59.338,53.935,-1,1157,1140,-4.38,1,0,0,0,0,0,0,0
2026-03-28 09:30:59.403,53.999,-1,1157,1140,-4.38,1,0,0,0,0,0,0,0
2026-03-28 09:30:59.450,54.047,-1,1156,1140,-4.39,1,0,0,0,0,0,0,0
2026-03-28 09:30:59.514,54.111,-1,1156,1140,-4.38,1,0,0,0,0,0,0,0
2026-03-28 09:30:59.610,54.207,-1,1156,1140,-4.38,1,0,0,0,0,0,0,0
2026-03-28 09:30:59.739,54.336,-1,1156,1140,-4.39,1,0,0,0,0,0,0,0
2026-03-28 09:30:59.835,54.431,-1,1156,1140,-4.42,1,0,0,0,0,0,0,0
2026-03-28 09:30:59.947,54.543,-1,1156,1140,-4.37,1,0,0,0,0,0,0,0
2026-03-28 09:31:00.025,54.622,-1,1156,1140,-4.38,1,0,0,0,0,0,0,0
2026-03-28 09:31:00.074,54.671,0,1156,1140,-4.37,1,0,0,0,0,0,0,0
2026-03-28 09:31:00.139,54.735,-1,1156,1140,-4.36,1,0,0,0,0,0,0,0
2026-03-28 09:31:00.266,54.863,-1,1156,1140,-4.35,1,0,0,0,0,0,0,0
2026-03-28 09:31:00.347,54.943,-1,1156,1140,-4.35,1,0,0,0,0,0,0,0
2026-03-28 09:31:00.378,54.975,-1,1156,1140,-4.36,1,0,0,0,0,0,0,0
2026-03-28 09:31:00.426,55.023,-1,1156,1140,-4.37,1,0,0,0,0,0,0,0
2026-03-28 09:31:00.586,55.183,0,1156,1140,-4.38,1,0,0,0,0,0,0,0
2026-03-28 09:31:00.634,55.231,0,1156,1140,-4.39,1,0,0,0,0,0,0,0
2026-03-28 09:31:00.730,55.327,-1,1156,1140,-4.38,1,0,0,0,0,0,0,0
2026-03-28 09:31:00.827,55.423,-1,1156,1140,-4.39,1,0,0,0,0,0,0,0
2026-03-28 09:31:00.859,55.455,-1,1156,1140,-4.39,1,0,0,0,0,0,0,0
2026-03-28 09:31:00.939,55.535,-1,1156,1140,-4.37,1,0,0,0,0,0,0,0
2026-03-28 09:31:00.971,55.567,0,1156,1139,-4.38,1,0,0,0,0,0,0,0
2026-03-28 09:31:01.051,55.647,-1,1158,1139,-4.36,1,0,0,0,0,0,0,0
2026-03-28 09:31:01.130,55.727,-1,1157,1140,-4.39,1,0,0,0,0,0,0,0
2026-03-28 09:31:01.258,55.854,-1,1157,1140,-4.38,1,0,0,0,0,0,0,0
2026-03-28 09:31:01.355,55.951,-1,1156,1140,-4.35,1,0,0,0,0,0,0,0
2026-03-28 09:31:01.386,55.983,-1,1156,1140,-4.35,1,0,0,0,0,0,0,0
2026-03-28 09:31:01.434,56.031,-1,1156,1140,-4.37,1,0,0,0,0,0,0,0
2026-03-28 09:31:01.498,56.095,0,1156,1140,-4.38,1,0,0,0,0,0,0,0
2026-03-28 09:31:01.578,56.174,0,1156,1140,-4.38,1,0,0,0,0,0,0,0
2026-03-28 09:31:01.642,56.239,0,1156,1140,-4.36,1,0,0,0,0,0,0,0
2026-03-28 09:31:01.755,56.351,1,1156,1140,-4.35,1,0,0,0,0,0,0,0
2026-03-28 09:31:01.802,56.399,0,1156,1140,-4.38,1,0,0,0,0,0,0,0
2026-03-28 09:31:01.898,56.495,0,1156,1140,-4.39,1,0,0,0,0,0,0,0
2026-03-28 09:31:01.978,56.574,0,1156,1140,-4.36,1,0,0,0,0,0,0,0
2026-03-28 09:31:02.059,56.655,0,1156,1140,-4.38,1,0,0,0,0,0,0,0
2026-03-28 09:31:02.122,56.719,0,1156,1140,-4.36,1,0,0,0,0,0,0,0
2026-03-28 09:31:02.202,56.799,-1,1156,1140,-4.37,1,0,0,0,0,0,0,0
2026-03-28 09:31:02.331,56.927,-1,1156,1139,-4.37,1,0,0,0,0,0,0,0
2026-03-28 09:31:02.426,57.023,-1,1158,1139,-4.36,1,0,0,0,0,0,0,0
2026-03-28 09:31:02.554,57.150,0,1157,1140,-4.37,1,0,0,0,0,0,0,0
2026-03-28 09:31:02.602,57.199,-1,1157,1140,-4.38,1,0,0,0,0,0,0,0
2026-03-28 09:31:02.683,57.279,-1,1158,1139,-4.37,1,0,0,0,0,0,0,0
2026-03-28 09:31:02.794,57.390,0,1157,1140,-4.37,1,0,0,0,0,0,0,0
2026-03-28 09:31:02.810,57.406,-1,1157,1140,-4.39,1,0,0,0,0,0,0,0
2026-03-28 09:31:02.907,57.503,0,1156,1140,-4.38,1,0,0,0,0,0,0,0
2026-03-28 09:31:03.034,57.631,0,1156,1140,-4.37,1,0,0,0,0,0,0,0
2026-03-28 09:31:03.082,57.679,0,1156,1140,-4.38,1,0,0,0,0,0,0,0
2026-03-28 09:31:03.162,57.758,1,1156,1140,-4.37,1,0,0,0,0,0,0,0
2026-03-28 09:31:03.274,57.871,0,1156,1140,-4.36,1,0,0,0,0,0,0,0
2026-03-28 09:31:03.321,57.918,-1,1156,1140,-4.38,1,0,0,0,0,0,0,0
2026-03-28 09:31:03.481,58.078,0,1156,1140,-4.35,1,0,0,0,0,0,0,0
2026-03-28 09:31:03.514,58.111,-2,1156,1140,-4.39,1,0,0,0,0,0,0,0
2026-03-28 09:31:03.626,58.222,-1,1156,1140,-4.38,1,0,0,0,0,0,0,0
2026-03-28 09:31:03.706,58.302,0,1156,1139,-4.35,1,0,0,0,0,0,0,0
2026-03-28 09:31:03.786,58.382,-1,1156,1140,-4.36,1,0,0,0,0,0,0,0
2026-03-28 09:31:03.850,58.447,-1,1156,1140,-4.35,1,0,0,0,0,0,0,0
2026-03-28 09:31:03.929,58.526,0,1156,1140,-4.39,1,0,0,0,0,0,0,0
2026-03-28 09:31:04.026,58.622,-1,1156,1140,-4.37,1,0,0,0,0,0,0,0
2026-03-28 09:31:04.090,58.687,-1,1156,1140,-4.38,1,0,0,0,0,0,0,0
2026-03-28 09:31:04.202,58.798,-1,1158,1139,-4.37,1,0,0,0,0,0,0,0
2026-03-28 09:31:04.266,58.863,-1,1157,1140,-4.35,1,0,0,0,0,0,0,0
2026-03-28 09:31:04.298,58.895,-1,1157,1140,-4.34,1,0,0,0,0,0,0,0
2026-03-28 09:31:04.426,59.023,-1,1157,1140,-4.34,1,0,0,0,0,0,0,0
2026-03-28 09:31:04.490,59.086,-1,1156,1140,-4.37,1,0,0,0,0,0,0,0
2026-03-28 09:31:04.586,59.182,-1,1156,1140,-4.35,1,0,0,0,0,0,0,0
2026-03-28 09:31:04.682,59.278,-1,1156,1140,-4.35,1,0,0,0,0,0,0,0
2026-03-28 09:31:04.747,59.343,-1,1156,1140,-4.37,1,0,0,0,0,0,0,0
2026-03-28 09:31:04.842,59.438,-1,1156,1140,-4.38,1,0,0,0,0,0,0,0
2026-03-28 09:31:04.954,59.550,-1,1156,1140,-4.4,1,0,0,0,0,0,0,0
2026-03-28 09:31:04.955,59.552,-1,1156,1140,-4.39,1,0,0,0,0,0,0,0
2026-03-28 09:31:05.034,59.630,-1,1156,1140,-4.36,1,0,0,0,0,0,0,0
2026-03-28 09:31:05.114,59.711,0,1156,1140,-4.37,1,0,0,0,0,0,0,0
2026-03-28 09:31:05.178,59.774,-1,1156,1140,-4.39,1,0,0,0,0,0,0,0
2026-03-28 09:31:05.258,59.855,-1,1156,1140,-4.35,1,0,0,0,0,0,0,0
2026-03-28 09:31:05.386,59.982,-1,1156,1140,-4.38,1,0,0,0,0,0,0,0
2026-03-28 09:31:05.481,60.078,-1,1156,1140,-4.37,1,0,0,0,0,0,0,0
2026-03-28 09:31:05.578,60.174,-1,1156,1140,-4.38,1,0,0,0,0,0,0,0
2026-03-28 09:31:05.610,60.207,0,1156,1140,-4.35,1,0,0,0,0,0,0,0
2026-03-28 09:31:05.690,60.286,-1,1156,1140,-4.36,1,0,0,0,0,0,0,0
2026-03-28 09:31:05.849,60.446,-1,1156,1140,-4.37,1,0,0,0,0,0,0,0
2026-03-28 09:31:05.914,60.510,-1,1156,1140,-4.37,1,0,0,0,0,0,0,0
2026-03-28 09:31:05.978,60.574,0,1156,1140,-4.37,1,0,0,0,0,0,0,0
2026-03-28 09:31:06.090,60.687,-1,1156,1140,-4.37,1,0,0,0,0,0,0,0
2026-03-28 09:31:06.186,60.783,-1,1158,1139,-4.39,1,0,0,0,0,0,0,0
2026-03-28 09:31:06.250,60.846,-1,1157,1140,-4.4,1,0,0,0,0,0,0,0
2026-03-28 09:31:06.314,60.911,-1,1157,1140,-4.4,1,0,0,0,0,0,0,0
2026-03-28 09:31:06.394,60.991,-1,1156,1140,-4.37,1,0,0,0,0,0,0,0
2026-03-28 09:31:06.443,61.039,-1,1156,1140,-4.38,1,0,0,0,0,0,0,0
2026-03-28 09:31:06.554,61.150,0,1156,1140,-4.36,1,0,0,0,0,0,0,0
2026-03-28 09:31:06.634,61.230,0,1156,1140,-4.38,1,0,0,0,0,0,0,0
2026-03-28 09:31:06.729,61.326,-1,1156,1140,-4.37,1,0,0,0,0,0,0,0
2026-03-28 09:31:06.826,61.422,-1,1156,1140,-4.4,1,0,0,0,0,0,0,0
2026-03-28 09:31:06.953,61.550,-1,1156,1140,-4.37,1,0,0,0,0,0,0,0
2026-03-28 09:31:07.034,61.630,-1,1156,1140,-4.37,1,0,0,0,0,0,0,0
2026-03-28 09:31:07.097,61.694,-1,1156,1140,-4.37,1,0,0,0,0,0,0,0
2026-03-28 09:31:07.194,61.790,-1,1156,1140,-4.38,1,0,0,0,0,0,0,0
2026-03-28 09:31:07.305,61.902,-1,1156,1140,-4.35,1,0,0,0,0,0,0,0
2026-03-28 09:31:07.402,61.999,-1,1156,1140,-4.38,1,0,0,0,0,0,0,0
2026-03-28 09:31:07.482,62.079,0,1156,1140,-4.37,1,0,0,0,0,0,0,0
2026-03-28 09:31:07.546,62.142,-1,1156,1140,-4.39,1,0,0,0,0,0,0,0
2026-03-28 09:31:07.642,62.239,0,1156,1140,-4.38,1,0,0,0,0,0,0,0
2026-03-28 09:31:07.689,62.285,1,1156,1140,-4.35,1,0,0,0,0,0,0,0
2026-03-28 09:31:07.754,62.350,0,1156,1139,-4.34,1,0,0,0,0,0,0,0
2026-03-28 09:31:07.833,62.430,-1,1158,1139,-4.32,1,0,0,0,0,0,0,0
2026-03-28 09:31:07.898,62.495,-1,1157,1140,-4.37,1,0,0,0,0,0,0,0
2026-03-28 09:31:07.994,62.590,-1,1157,1140,-4.39,1,0,0,0,0,0,0,0
2026-03-28 09:31:08.106,62.702,-1,1156,1140,-4.44,1,0,0,0,0,0,0,0
2026-03-28 09:31:08.265,62.861,-1,1156,1140,-4.44,1,0,0,0,0,0,0,0
2026-03-28 09:31:08.282,62.878,-1,1156,1140,-4.43,1,0,0,0,0,0,0,0
2026-03-28 09:31:08.426,63.022,-1,1156,1140,-4.39,1,0,0,0,0,0,0,0
2026-03-28 09:31:08.522,63.118,-2,1156,1140,-4.37,1,0,0,0,0,0,0,0
2026-03-28 09:31:08.554,63.150,0,1156,1140,-4.4,1,0,0,0,0,0,0,0
2026-03-28 09:31:08.602,63.198,-1,1156,1140,-4.36,1,0,0,0,0,0,0,0
2026-03-28 09:31:08.714,63.310,-1,1156,1140,-4.33,1,0,0,0,0,0,0,0
2026-03-28 09:31:08.778,63.374,-1,1156,1140,-4.37,1,0,0,0,0,0,0,0
2026-03-28 09:31:08.826,63.422,-1,1156,1140,-4.37,1,0,0,0,0,0,0,0
2026-03-28 09:31:08.874,63.471,-1,1156,1140,-4.36,1,0,0,0,0,0,0,0
2026-03-28 09:31:08.938,63.534,-1,1156,1140,-4.38,1,0,0,0,0,0,0,0
2026-03-28 09:31:09.082,63.678,-1,1156,1140,-4.38,1,0,0,0,0,0,0,0
2026-03-28 09:31:09.210,63.806,-1,1156,1140,-4.37,1,0,0,0,0,0,0,0
2026-03-28 09:31:09.290,63.886,-1,1156,1140,-4.38,1,0,0,0,0,0,0,0
2026-03-28 09:31:09.354,63.950,0,1156,1140,-4.39,1,0,0,0,0,0,0,0
2026-03-28 09:31:09.482,64.078,-1,1156,1140,-4.38,1,0,0,0,0,0,0,0
2026-03-28 09:31:09.546,64.142,-1,1156,1140,-4.36,1,0,0,0,0,0,0,0
2026-03-28 09:31:09.627,64.223,-1,1156,1140,-4.36,1,0,0,0,0,0,0,0
2026-03-28 09:31:09.673,64.270,0,1158,1139,-4.37,1,0,0,0,0,0,0,0
2026-03-28 09:31:09.802,64.398,-1,1157,1140,-4.35,1,0,0,0,0,0,0,0
2026-03-28 09:31:09.834,64.430,-1,1157,1140,-4.38,1,0,0,0,0,0,0,0
2026-03-28 09:31:09.929,64.526,-1,1156,1140,-4.38,1,0,0,0,0,0,0,0
2026-03-28 09:31:10.021,64.617,-1,1156,1140,-4.36,1,0,0,0,0,0,0,0
2026-03-28 09:31:10.106,64.702,-1,1156,1140,-4.38,1,0,0,0,0,0,0,0
2026-03-28 09:31:10.170,64.767,0,1156,1140,-4.39,1,0,0,0,0,0,0,0
2026-03-28 09:31:10.218,64.814,0,1156,1140,-4.37,1,0,0,0,0,0,0,0
2026-03-28 09:31:10.282,64.878,0,1156,1140,-4.38,1,0,0,0,0,0,0,0
2026-03-28 09:31:10.394,64.991,0,1156,1140,-4.37,1,0,0,0,0,0,0,0
2026-03-28 09:31:10.442,65.038,-1,1156,1140,-4.37,1,0,0,0,0,0,0,0
2026-03-28 09:31:10.474,65.070,-1,1156,1140,-4.39,1,0,0,0,0,0,0,0
2026-03-28 09:31:10.586,65.182,0,1156,1140,-4.38,1,0,0,0,0,0,0,0
2026-03-28 09:31:10.714,65.310,0,1156,1140,-4.37,1,0,0,0,0,0,0,0
2026-03-28 09:31:10.762,65.358,0,1156,1140,-4.35,1,0,0,0,0,0,0,0
2026-03-28 09:31:10.810,65.407,0,1156,1140,-4.35,1,0,0,0,0,0,0,0
2026-03-28 09:31:10.890,65.487,0,1156,1140,-4.35,1,0,0,0,0,0,0,0
2026-03-28 09:31:11.002,65.598,-1,1156,1139,-4.37,1,0,0,0,0,0,0,0
2026-03-28 09:31:11.065,65.661,0,1158,1139,-4.37,1,0,0,0,0,0,0,0
2026-03-28 09:31:11.115,65.711,0,1157,1140,-4.38,1,0,0,0,0,0,0,0
2026-03-28 09:31:11.195,65.791,0,1157,1140,-4.37,1,0,0,0,0,0,0,0
2026-03-28 09:31:11.274,65.870,-1,1156,1140,-4.4,1,0,0,0,0,0,0,0
2026-03-28 09:31:11.338,65.934,-1,1156,1140,-4.38,1,0,0,0,0,0,0,0
2026-03-28 09:31:11.433,66.030,-1,1156,1140,-4.41,1,0,0,0,0,0,0,0
2026-03-28 09:31:11.482,66.078,-1,1156,1140,-4.37,1,0,0,0,0,0,0,0
2026-03-28 09:31:11.546,66.142,0,1156,1140,-4.38,1,0,0,0,0,0,0,0
2026-03-28 09:31:11.610,66.206,0,1156,1140,-4.4,1,0,0,0,0,0,0,0
2026-03-28 09:31:11.722,66.318,-1,1156,1140,-4.37,1,0,0,0,0,0,0,0
2026-03-28 09:31:11.786,66.382,-1,1156,1140,-4.38,1,0,0,0,0,0,0,0
2026-03-28 09:31:11.865,66.462,-1,1156,1140,-4.39,1,0,0,0,0,0,0,0
2026-03-28 09:31:11.946,66.543,-1,1156,1140,-4.38,1,0,0,0,0,0,0,0
2026-03-28 09:31:12.042,66.639,0,1156,1140,-4.37,1,0,0,0,0,0,0,0
2026-03-28 09:31:12.106,66.703,0,1156,1140,-4.37,1,0,0,0,0,0,0,0
2026-03-28 09:31:12.250,66.846,-1,1156,1140,-4.36,1,0,0,0,0,0,0,0
2026-03-28 09:31:12.346,66.943,-1,1156,1140,-4.35,1,0,0,0,0,0,0,0
2026-03-28 09:31:12.378,66.974,-1,1156,1140,-4.37,1,0,0,0,0,0,0,0
2026-03-28 09:31:12.426,67.023,-1,1156,1140,-4.37,1,0,0,0,0,0,0,0
2026-03-28 09:31:12.506,67.103,-1,1156,1140,-4.37,1,0,0,0,0,0,0,0
2026-03-28 09:31:12.602,67.199,-1,1156,1140,-4.34,1,0,0,0,0,0,0,0
2026-03-28 09:31:12.649,67.246,-1,1156,1140,-4.37,1,0,0,0,0,0,0,0
2026-03-28 09:31:12.730,67.326,-1,1156,1140,-4.38,1,0,0,0,0,0,0,0
2026-03-28 09:31:12.809,67.406,-1,1156,1140,-4.38,1,0,0,0,0,0,0,0
2026-03-28 09:31:12.969,67.566,-1,1158,1139,-4.38,1,0,0,0,0,0,0,0
2026-03-28 09:31:12.985,67.581,-1,1157,1140,-4.37,1,0,0,0,0,0,0,0
2026-03-28 09:31:13.130,67.726,-1,1157,1140,-4.35,1,0,0,0,0,0,0,0
2026-03-28 09:31:13.161,67.758,-1,1156,1140,-4.36,1,0,0,0,0,0,0,0
2026-03-28 09:31:13.211,67.808,0,1156,1140,-4.38,1,0,0,0,0,0,0,0
2026-03-28 09:31:13.321,67.918,-1,1156,1140,-4.39,1,0,0,0,0,0,0,0
2026-03-28 09:31:13.370,67.966,-1,1156,1140,-4.38,1,0,0,0,0,0,0,0
2026-03-28 09:31:13.433,68.030,-1,1156,1140,-4.39,1,0,0,0,0,0,0,0
2026-03-28 09:31:13.594,68.190,-1,1156,1140,-4.39,1,0,0,0,0,0,0,0
2026-03-28 09:31:13.625,68.221,-1,1156,1140,-4.38,1,0,0,0,0,0,0,0
2026-03-28 09:31:13.706,68.302,-1,1156,1140,-4.37,1,0,0,0,0,0,0,0
2026-03-28 09:31:13.802,68.398,-1,1156,1140,-4.37,1,0,0,0,0,0,0,0
2026-03-28 09:31:13.866,68.463,-1,1156,1140,-4.36,1,0,0,0,0,0,0,0
2026-03-28 09:31:13.946,68.542,-1,1156,1140,-4.34,1,0,0,0,0,0,0,0
2026-03-28 09:31:14.010,68.606,-1,1156,1140,-4.38,1,0,0,0,0,0,0,0
2026-03-28 09:31:14.137,68.734,-1,1156,1140,-4.38,1,0,0,0,0,0,0,0
2026-03-28 09:31:14.170,68.766,-1,1156,1140,-4.38,1,0,0,0,0,0,0,0
2026-03-28 09:31:14.265,68.862,-2,1156,1140,-4.39,1,0,0,0,0,0,0,0
2026-03-28 09:31:14.330,68.926,-1,1156,1140,-4.39,1,0,0,0,0,0,0,0
2026-03-28 09:31:14.410,69.006,-1,1156,1140,-4.37,1,0,0,0,0,0,0,0
2026-03-28 09:31:14.505,69.101,-1,1156,1139,-4.37,1,0,0,0,0,0,0,0
2026-03-28 09:31:14.553,69.149,-1,1158,1139,-4.37,1,0,0,0,0,0,0,0
2026-03-28 09:31:14.649,69.246,-1,1157,1140,-4.38,1,0,0,0,0,0,0,0
2026-03-28 09:31:14.777,69.374,0,1157,1140,-4.39,1,0,0,0,0,0,0,0
2026-03-28 09:31:14.826,69.422,-1,1158,1139,-4.38,1,0,0,0,0,0,0,0
2026-03-28 09:31:14.890,69.487,-1,1157,1140,-4.39,1,0,0,0,0,0,0,0
2026-03-28 09:31:14.986,69.583,-1,1157,1140,-4.39,1,0,0,0,0,0,0,0
2026-03-28 09:31:15.066,69.663,-1,1157,1140,-4.38,1,0,0,0,0,0,0,0
2026-03-28 09:31:15.129,69.725,-1,1156,1140,-4.37,1,0,0,0,0,0,0,0
2026-03-28 09:31:15.210,69.806,-1,1156,1140,-4.38,1,0,0,0,0,0,0,0
2026-03-28 09:31:15.306,69.902,-1,1156,1140,-4.37,1,0,0,0,0,0,0,0
2026-03-28 09:31:15.370,69.967,-1,1156,1140,-4.38,1,0,0,0,0,0,0,0
2026-03-28 09:31:15.481,70.078,-1,1156,1140,-4.35,1,0,0,0,0,0,0,0
2026-03-28 09:31:15.545,70.142,-1,1156,1140,-4.37,1,0,0,0,0,0,0,0
2026-03-28 09:31:15.610,70.207,-1,1156,1140,-4.38,1,0,0,0,0,0,0,0
2026-03-28 09:31:15.705,70.302,-1,1156,1140,-4.37,1,0,0,0,0,0,0,0
2026-03-28 09:31:15.786,70.383,-1,1156,1140,-4.38,1,0,0,0,0,0,0,0
2026-03-28 09:31:15.898,70.494,-1,1156,1140,-4.38,1,0,0,0,0,0,0,0
2026-03-28 09:31:16.010,70.606,-1,1156,1140,-4.38,1,0,0,0,0,0,0,0
2026-03-28 09:31:16.073,70.670,-1,1156,1140,-4.37,1,0,0,0,0,0,0,0
2026-03-28 09:31:16.106,70.702,-1,1156,1140,-4.39,1,0,0,0,0,0,0,0
2026-03-28 09:31:16.170,70.767,-1,1156,1140,-4.38,1,0,0,0,0,0,0,0
2026-03-28 09:31:16.314,70.911,-1,1156,1140,-4.37,1,0,0,0,0,0,0,0
2026-03-28 09:31:16.378,70.974,-1,1156,1140,-4.37,1,0,0,0,0,0,0,0
2026-03-28 09:31:16.426,71.023,-1,1156,1139,-4.38,1,0,0,0,0,0,0,0
2026-03-28 09:31:16.474,71.070,-1,1158,1139,-4.37,1,0,0,0,0,0,0,0
2026-03-28 09:31:16.553,71.150,-1,1157,1140,-4.36,1,0,0,0,0,0,0,0
2026-03-28 09:31:16.681,71.277,-1,1156,1140,-4.33,1,0,0,0,0,0,0,0
2026-03-28 09:31:16.761,71.358,-1,1156,1140,-4.35,1,0,0,0,0,0,0,0
2026-03-28 09:31:16.826,71.423,-1,1156,1140,-4.35,1,0,0,0,0,0,0,0
2026-03-28 09:31:16.922,71.518,-1,1156,1140,-4.41,1,0,0,0,0,0,0,0
2026-03-28 09:31:17.066,71.662,-1,1156,1140,-4.4,1,0,0,0,0,0,0,0
2026-03-28 09:31:17.161,71.758,-1,1156,1140,-4.39,1,0,0,0,0,0,0,0
2026-03-28 09:31:17.321,71.917,-1,1156,1140,-4.39,1,0,0,0,0,0,0,0
2026-03-28 09:31:17.386,71.982,-1,1156,1140,-4.37,1,0,0,0,0,0,0,0
2026-03-28 09:31:17.433,72.030,-1,1156,1140,-4.4,1,0,0,0,0,0,0,0
2026-03-28 09:31:17.514,72.110,-1,1156,1140,-4.39,1,0,0,0,0,0,0,0
2026-03-28 09:31:17.545,72.142,0,1156,1140,-4.4,1,0,0,0,0,0,0,0
2026-03-28 09:31:17.658,72.254,0,1156,1140,-4.39,1,0,0,0,0,0,0,0
2026-03-28 09:31:17.786,72.382,0,1156,1140,-4.4,1,0,0,0,0,0,0,0
2026-03-28 09:31:17.800,72.397,0,1156,1140,-4.38,1,0,0,0,0,0,0,0
2026-03-28 09:31:17.865,72.462,0,1156,1140,-4.37,1,0,0,0,0,0,0,0
2026-03-28 09:31:17.993,72.590,-1,1156,1140,-4.38,1,0,0,0,0,0,0,0
2026-03-28 09:31:18.009,72.606,-1,1156,1140,-4.39,1,0,0,0,0,0,0,0
2026-03-28 09:31:18.106,72.702,-1,1156,1140,-4.42,1,0,0,0,0,0,0,0
2026-03-28 09:31:18.201,72.798,-1,1156,1140,-4.38,1,0,0,0,0,0,0,0
2026-03-28 09:31:18.249,72.845,0,1156,1140,-4.37,1,0,0,0,0,0,0,0
2026-03-28 09:31:18.329,72.926,-1,1156,1140,-4.36,1,0,0,0,0,0,0,0
2026-03-28 09:31:18.426,73.022,0,1158,1139,-4.37,1,0,0,0,0,0,0,0
2026-03-28 09:31:18.474,73.070,-1,1157,1140,-4.38,1,0,0,0,0,0,0,0
2026-03-28 09:31:18.570,73.166,-1,1157,1140,-4.37,1,0,0,0,0,0,0,0
2026-03-28 09:31:18.633,73.230,-1,1156,1140,-4.37,1,0,0,0,0,0,0,0
2026-03-28 09:31:18.729,73.326,0,1156,1140,-4.37,1,0,0,0,0,0,0,0
2026-03-28 09:31:18.810,73.406,-1,1156,1140,-4.38,1,0,0,0,0,0,0,0
2026-03-28 09:31:18.906,73.502,-2,1156,1140,-4.36,1,0,0,0,0,0,0,0
2026-03-28 09:31:18.986,73.582,-1,1156,1140,-4.4,1,0,0,0,0,0,0,0
2026-03-28 09:31:19.098,73.694,-1,1156,1140,-4.34,1,0,0,0,0,0,0,0
2026-03-28 09:31:19.129,73.726,-1,1156,1140,-4.36,1,0,0,0,0,0,0,0
2026-03-28 09:31:19.225,73.821,-1,1156,1140,-4.4,1,0,0,0,0,0,0,0
2026-03-28 09:31:19.290,73.886,0,1156,1140,-4.37,1,0,0,0,0,0,0,0
2026-03-28 09:31:19.402,73.998,-1,1156,1140,-4.37,1,0,0,0,0,0,0,0
2026-03-28 09:31:19.482,74.078,-1,1156,1140,-4.38,1,0,0,0,0,0,0,0
2026-03-28 09:31:19.610,74.206,-1,1156,1140,-4.38,1,0,0,0,0,0,0,0
2026-03-28 09:31:19.657,74.254,-1,1156,1140,-4.38,1,0,0,0,0,0,0,0
2026-03-28 09:31:19.752,74.349,-1,1156,1140,-4.39,1,0,0,0,0,0,0,0
2026-03-28 09:31:19.881,74.478,-1,1156,1140,-4.38,1,0,0,0,0,0,0,0
2026-03-28 09:31:19.913,74.510,0,1156,1140,-4.39,1,0,0,0,0,0,0,0
2026-03-28 09:31:19.993,74.590,-1,1156,1140,-4.37,1,0,0,0,0,0,0,0
2026-03-28 09:31:20.072,74.669,-1,1156,1140,-4.4,1,0,0,0,0,0,0,0
2026-03-28 09:31:20.138,74.734,-1,1158,1140,-4.39,1,0,0,0,0,0,0,0
2026-03-28 09:31:20.233,74.830,0,1157,1140,-4.38,1,0,0,0,0,0,0,0
2026-03-28 09:31:20.329,74.926,-1,1157,1140,-4.38,1,0,0,0,0,0,0,0
2026-03-28 09:31:20.393,74.990,-1,1156,1140,-4.37,1,0,0,0,0,0,0,0
2026-03-28 09:31:20.506,75.102,0,1156,1140,-4.37,1,0,0,0,0,0,0,0
2026-03-28 09:31:20.585,75.182,-1,1156,1140,-4.37,1,0,0,0,0,0,0,0
2026-03-28 09:31:20.666,75.262,-1,1156,1140,-4.39,1,0,0,0,0,0,0,0
2026-03-28 09:31:20.729,75.326,0,1156,1140,-4.38,1,0,0,0,0,0,0,0
2026-03-28 09:31:20.841,75.438,0,1156,1140,-4.38,1,0,0,0,0,0,0,0
2026-03-28 09:31:20.922,75.518,0,1156,1140,-4.39,1,0,0,0,0,0,0,0
2026-03-28 09:31:20.938,75.534,-1,1156,1140,-4.37,1,0,0,0,0,0,0,0
2026-03-28 09:31:21.113,75.710,0,1156,1140,-4.39,1,0,0,0,0,0,0,0
2026-03-28 09:31:21.130,75.726,0,1156,1140,-4.38,1,0,0,0,0,0,0,0
2026-03-28 09:31:21.242,75.838,0,1156,1140,-4.36,1,0,0,0,0,0,0,0
2026-03-28 09:31:21.290,75.886,0,1156,1140,-4.36,1,0,0,0,0,0,0,0
2026-03-28 09:31:21.402,75.998,0,1156,1140,-4.36,1,0,0,0,0,0,0,0
2026-03-28 09:31:21.498,76.094,-1,1156,1140,-4.39,1,0,0,0,0,0,0,0
2026-03-28 09:31:21.593,76.190,-1,1156,1140,-4.38,1,0,0,0,0,0,0,0
2026-03-28 09:31:21.626,76.223,-1,1156,1140,-4.4,1,0,0,0,0,0,0,0
2026-03-28 09:31:21.753,76.350,0,1156,1140,-4.37,1,0,0,0,0,0,0,0
2026-03-28 09:31:21.817,76.414,0,1156,1140,-4.38,1,0,0,0,0,0,0,0
2026-03-28 09:31:21.913,76.509,0,1158,1139,-4.38,1,0,0,0,0,0,0,0
2026-03-28 09:31:21.945,76.542,0,1157,1140,-4.36,1,0,0,0,0,0,0,0
2026-03-28 09:31:22.040,76.637,0,1157,1140,-4.38,1,0,0,0,0,0,0,0
2026-03-28 09:31:22.186,76.782,-1,1156,1140,-4.37,1,0,0,0,0,0,0,0
2026-03-28 09:31:22.266,76.862,0,1156,1140,-4.38,1,0,0,0,0,0,0,0
2026-03-28 09:31:22.297,76.894,0,1156,1140,-4.38,1,0,0,0,0,0,0,0
2026-03-28 09:31:22.361,76.958,0,1156,1140,-4.37,1,0,0,0,0,0,0,0
2026-03-28 09:31:22.442,77.038,0,1156,1140,-4.4,1,0,0,0,0,0,0,0
2026-03-28 09:31:22.521,77.117,0,1156,1140,-4.4,1,0,0,0,0,0,0,0
2026-03-28 09:31:22.633,77.229,0,1156,1140,-4.36,1,0,0,0,0,0,0,0
2026-03-28 09:31:22.681,77.278,0,1156,1140,-4.36,1,0,0,0,0,0,0,0
2026-03-28 09:31:22.793,77.390,0,1156,1140,-4.35,1,0,0,0,0,0,0,0
2026-03-28 09:31:22.874,77.470,0,1156,1140,-4.37,1,0,0,0,0,0,0,0
2026-03-28 09:31:23.002,77.598,0,1156,1140,-4.38,1,0,0,0,0,0,0,0
2026-03-28 09:31:23.017,77.614,0,1156,1140,-4.38,1,0,0,0,0,0,0,0
2026-03-28 09:31:23.145,77.741,0,1156,1140,-4.37,1,0,0,0,0,0,0,0
2026-03-28 09:31:23.177,77.774,0,1156,1140,-4.36,1,0,0,0,0,0,0,0
2026-03-28 09:31:23.273,77.869,0,1156,1139,-4.37,1,0,0,0,0,0,0,0
2026-03-28 09:31:23.385,77.982,0,1158,1140,-4.38,1,0,0,0,0,0,0,0
2026-03-28 09:31:23.449,78.046,0,1157,1140,-4.36,1,0,0,0,0,0,0,0
2026-03-28 09:31:23.513,78.110,0,1157,1140,-4.38,1,0,0,0,0,0,0,0
2026-03-28 09:31:23.577,78.174,0,1156,1140,-4.39,1,0,0,0,0,0,0,0
2026-03-28 09:31:23.705,78.302,0,1156,1140,-4.37,1,0,0,0,0,0,0,0
2026-03-28 09:31:23.785,78.382,0,1156,1140,-4.37,1,0,0,0,0,0,0,0
2026-03-28 09:31:23.849,78.446,0,1156,1140,-4.36,1,0,0,0,0,0,0,0
2026-03-28 09:31:23.946,78.542,0,1156,1140,-4.35,1,0,0,0,0,0,0,0
2026-03-28 09:31:24.040,78.637,-1,1156,1140,-4.36,1,0,0,0,0,0,0,0
2026-03-28 09:31:24.105,78.701,0,1156,1140,-4.37,1,0,0,0,0,0,0,0
2026-03-28 09:31:24.185,78.781,-1,1156,1140,-4.36,1,0,0,0,0,0,0,0
2026-03-28 09:31:24.217,78.813,-1,1156,1140,-4.36,1,0,0,0,0,0,0,0
2026-03-28 09:31:24.297,78.893,-1,1156,1140,-4.38,1,0,0,0,0,0,0,0
2026-03-28 09:31:24.395,78.991,-1,1156,1140,-4.39,1,0,0,0,0,0,0,0
2026-03-28 09:31:24.489,79.085,-1,1156,1140,-4.37,1,0,0,0,0,0,0,0
2026-03-28 09:31:24.584,79.181,0,1156,1140,-4.38,1,0,0,0,0,0,0,0
2026-03-28 09:31:24.665,79.261,-1,1156,1140,-4.39,1,0,0,0,0,0,0,0
2026-03-28 09:31:24.729,79.325,-1,1156,1139,-4.37,1,0,0,0,0,0,0,0
2026-03-28 09:31:24.872,79.469,-1,1158,1139,-4.36,1,0,0,0,0,0,0,0
2026-03-28 09:31:24.921,79.518,-1,1157,1140,-4.36,1,0,0,0,0,0,0,0
2026-03-28 09:31:25.001,79.598,-1,1157,1140,-4.37,1,0,0,0,0,0,0,0
2026-03-28 09:31:25.128,79.724,1,1157,1140,-4.39,1,0,0,0,0,0,0,0
2026-03-28 09:31:25.209,79.805,0,1156,1140,-4.37,1,0,0,0,0,0,0,0
2026-03-28 09:31:25.289,79.885,0,1156,1140,-4.35,1,0,0,0,0,0,0,0
2026-03-28 09:31:25.337,79.933,0,1156,1140,-4.35,1,0,0,0,0,0,0,0
2026-03-28 09:31:25.433,80.029,0,1156,1140,-4.35,1,0,0,0,0,0,0,0
2026-03-28 09:31:25.578,80.174,0,1156,1140,-4.39,1,0,0,0,0,0,0,0
2026-03-28 09:31:25.609,80.206,-1,1156,1140,-4.37,1,0,0,0,0,0,0,0
2026-03-28 09:31:25.705,80.301,-1,1156,1140,-4.4,1,0,0,0,0,0,0,0
2026-03-28 09:31:25.816,80.413,-1,1156,1140,-4.38,1,0,0,0,0,0,0,0
2026-03-28 09:31:25.833,80.429,-1,1156,1140,-4.37,1,0,0,0,0,0,0,0
2026-03-28 09:31:25.913,80.509,0,1156,1140,-4.41,1,0,0,0,0,0,0,0
2026-03-28 09:31:25.993,80.589,0,1156,1140,-4.37,1,0,0,0,0,0,0,0
2026-03-28 09:31:26.057,80.653,0,1156,1140,-4.38,1,0,0,0,0,0,0,0
2026-03-28 09:31:26.169,80.765,0,1156,1140,-4.4,1,0,0,0,0,0,0,0
2026-03-28 09:31:26.201,80.797,0,1156,1140,-4.38,1,0,0,0,0,0,0,0
2026-03-28 09:31:26.297,80.893,0,1156,1140,-4.38,1,0,0,0,0,0,0,0
2026-03-28 09:31:26.361,80.958,0,1156,1140,-4.39,1,0,0,0,0,0,0,0
2026-03-28 09:31:26.409,81.005,0,1156,1139,-4.38,1,0,0,0,0,0,0,0
2026-03-28 09:31:26.505,81.101,-1,1158,1139,-4.35,1,0,0,0,0,0,0,0
2026-03-28 09:31:26.585,81.181,-1,1157,1140,-4.37,1,0,0,0,0,0,0,0
2026-03-28 09:31:26.649,81.245,-1,1157,1140,-4.37,1,0,0,0,0,0,0,0
2026-03-28 09:31:26.728,81.325,-1,1156,1140,-4.39,1,0,0,0,0,0,0,0
2026-03-28 09:31:26.809,81.405,0,1156,1140,-4.36,1,0,0,0,0,0,0,0
2026-03-28 09:31:26.889,81.485,0,1156,1140,-4.38,1,0,0,0,0,0,0,0
2026-03-28 09:31:26.984,81.581,0,1156,1140,-4.37,1,0,0,0,0,0,0,0
2026-03-28 09:31:27.049,81.645,0,1156,1140,-4.39,1,0,0,0,0,0,0,0
2026-03-28 09:31:27.081,81.677,0,1156,1140,-4.38,1,0,0,0,0,0,0,0
2026-03-28 09:31:27.225,81.821,-1,1156,1140,-4.38,1,0,0,0,0,0,0,0
2026-03-28 09:31:27.337,81.933,0,1156,1140,-4.39,1,0,0,0,0,0,0,0
2026-03-28 09:31:27.388,81.984,0,1156,1140,-4.36,1,0,0,0,0,0,0,0
2026-03-28 09:31:27.513,82.109,-1,1156,1140,-4.4,1,0,0,0,0,0,0,0
2026-03-28 09:31:27.561,82.157,-1,1156,1140,-4.37,1,0,0,0,0,0,0,0
2026-03-28 09:31:27.688,82.285,0,1156,1140,-4.38,1,0,0,0,0,0,0,0
2026-03-28 09:31:27.705,82.301,0,1156,1140,-4.38,1,0,0,0,0,0,0,0
2026-03-28 09:31:27.771,82.368,0,1156,1140,-4.37,1,0,0,0,0,0,0,0
2026-03-28 09:31:27.865,82.461,0,1158,1139,-4.37,1,0,0,0,0,0,0,0
2026-03-28 09:31:27.928,82.525,0,1157,1140,-4.39,1,0,0,0,0,0,0,0
2026-03-28 09:31:27.961,82.557,0,1157,1140,-4.38,1,0,0,0,0,0,0,0
2026-03-28 09:31:28.025,82.621,0,1157,1140,-4.36,1,0,0,0,0,0,0,0
2026-03-28 09:31:28.137,82.734,0,1156,1140,-4.36,1,0,0,0,0,0,0,0
2026-03-28 09:31:28.216,82.813,0,1156,1140,-4.35,1,0,0,0,0,0,0,0
2026-03-28 09:31:28.313,82.909,0,1156,1140,-4.36,1,0,0,0,0,0,0,0
2026-03-28 09:31:28.329,82.925,0,1156,1140,-4.39,1,0,0,0,0,0,0,0
2026-03-28 09:31:28.441,83.038,-1,1156,1140,-4.37,1,0,0,0,0,0,0,0
2026-03-28 09:31:28.521,83.118,-1,1156,1140,-4.38,1,0,0,0,0,0,0,0
2026-03-28 09:31:28.665,83.262,-1,1156,1140,-4.37,1,0,0,0,0,0,0,0
2026-03-28 09:31:28.744,83.341,-1,1156,1140,-4.36,1,0,0,0,0,0,0,0
2026-03-28 09:31:28.777,83.374,-1,1156,1140,-4.37,1,0,0,0,0,0,0,0
2026-03-28 09:31:28.841,83.437,-1,1156,1140,-4.36,1,0,0,0,0,0,0,0
2026-03-28 09:31:28.937,83.533,0,1156,1140,-4.38,1,0,0,0,0,0,0,0
2026-03-28 09:31:29.033,83.629,-2,1156,1140,-4.35,1,0,0,0,0,0,0,0
2026-03-28 09:31:29.097,83.693,-1,1156,1140,-4.37,1,0,0,0,0,0,0,0
2026-03-28 09:31:29.193,83.790,-1,1156,1140,-4.38,1,0,0,0,0,0,0,0
2026-03-28 09:31:29.305,83.901,0,1156,1140,-4.37,1,0,0,0,0,0,0,0
2026-03-28 09:31:29.337,83.933,-1,1156,1140,-4.36,1,0,0,0,0,0,0,0
2026-03-28 09:31:29.449,84.046,-1,1156,1140,-4.33,1,0,0,0,0,0,0,0
2026-03-28 09:31:29.513,84.110,0,1158,1139,-4.38,1,0,0,0,0,0,0,0
2026-03-28 09:31:29.561,84.157,-1,1157,1140,-4.36,1,0,0,0,0,0,0,0
2026-03-28 09:31:29.705,84.302,-1,1157,1140,-4.38,1,0,0,0,0,0,0,0
2026-03-28 09:31:29.784,84.381,0,1157,1140,-4.38,1,0,0,0,0,0,0,0
2026-03-28 09:31:29.833,84.429,-1,1156,1140,-4.37,1,0,0,0,0,0,0,0
2026-03-28 09:31:29.944,84.540,-1,1156,1140,-4.38,1,0,0,0,0,0,0,0
2026-03-28 09:31:30.009,84.605,-1,1156,1140,-4.38,1,0,0,0,0,0,0,0
2026-03-28 09:31:30.056,84.653,-1,1156,1140,-4.37,1,0,0,0,0,0,0,0
2026-03-28 09:31:30.201,84.797,-1,1156,1140,-4.35,1,0,0,0,0,0,0,0
2026-03-28 09:31:30.265,84.861,-1,1156,1140,-4.34,1,0,0,0,0,0,0,0
2026-03-28 09:31:30.300,84.896,-1,1156,1140,-4.36,1,0,0,0,0,0,0,0
2026-03-28 09:31:30.472,85.069,-1,1156,1140,-4.38,1,0,0,0,0,0,0,0
2026-03-28 09:31:30.537,85.133,-1,1156,1140,-4.37,1,0,0,0,0,0,0,0
2026-03-28 09:31:30.585,85.181,-1,1156,1140,-4.39,1,0,0,0,0,0,0,0
2026-03-28 09:31:30.665,85.261,-1,1156,1140,-4.39,1,0,0,0,0,0,0,0
2026-03-28 09:31:30.761,85.358,-1,1156,1140,-4.38,1,0,0,0,0,0,0,0
2026-03-28 09:31:30.873,85.469,-1,1156,1140,-4.36,1,0,0,0,0,0,0,0
2026-03-28 09:31:30.984,85.580,-1,1156,1140,-4.38,1,0,0,0,0,0,0,0
2026-03-28 09:31:31.018,85.614,-1,1156,1140,-4.37,1,0,0,0,0,0,0,0
2026-03-28 09:31:31.097,85.693,-1,1156,1140,-4.35,1,0,0,0,0,0,0,0
2026-03-28 09:31:31.192,85.788,-1,1156,1140,-4.38,1,0,0,0,0,0,0,0
2026-03-28 09:31:31.273,85.869,-1,1156,1140,-4.38,1,0,0,0,0,0,0,0
2026-03-28 09:31:31.337,85.934,-1,1156,1140,-4.37,1,0,0,0,0,0,0,0
2026-03-28 09:31:31.464,86.060,-1,1158,1139,-4.39,1,0,0,0,0,0,0,0
2026-03-28 09:31:31.497,86.093,-1,1157,1140,-4.35,1,0,0,0,0,0,0,0
2026-03-28 09:31:31.624,86.221,-1,1157,1140,-4.36,1,0,0,0,0,0,0,0
2026-03-28 09:31:31.688,86.284,-1,1157,1140,-4.37,1,0,0,0,0,0,0,0
2026-03-28 09:31:31.736,86.332,-1,1156,1140,-4.38,1,0,0,0,0,0,0,0
2026-03-28 09:31:31.801,86.397,-1,1156,1140,-4.39,1,0,0,0,0,0,0,0
2026-03-28 09:31:31.897,86.493,-1,1156,1140,-4.38,1,0,0,0,0,0,0,0
2026-03-28 09:31:31.977,86.573,0,1156,1140,-4.38,1,0,0,0,0,0,0,0
2026-03-28 09:31:32.056,86.653,0,1156,1140,-4.37,1,0,0,0,0,0,0,0
2026-03-28 09:31:32.088,86.685,0,1156,1140,-4.39,1,0,0,0,0,0,0,0
2026-03-28 09:31:32.168,86.765,-1,1156,1140,-4.37,1,0,0,0,0,0,0,0
2026-03-28 09:31:32.297,86.893,-1,1156,1140,-4.37,1,0,0,0,0,0,0,0
2026-03-28 09:31:32.361,86.958,0,1156,1140,-4.37,1,0,0,0,0,0,0,0
2026-03-28 09:31:32.425,87.021,-1,1156,1140,-4.38,1,0,0,0,0,0,0,0
2026-03-28 09:31:32.553,87.149,-1,1156,1140,-4.36,1,0,0,0,0,0,0,0
2026-03-28 09:31:32.585,87.181,0,1156,1140,-4.38,1,0,0,0,0,0,0,0
2026-03-28 09:31:32.696,87.293,0,1156,1140,-4.38,1,0,0,0,0,0,0,0
2026-03-28 09:31:32.808,87.405,-1,1156,1140,-4.37,1,0,0,0,0,0,0,0
2026-03-28 09:31:32.905,87.502,-1,1156,1140,-4.36,1,0,0,0,0,0,0,0
2026-03-28 09:31:32.952,87.549,-1,1156,1140,-4.36,1,0,0,0,0,0,0,0
2026-03-28 09:31:33.064,87.661,-1,1156,1139,-4.36,1,0,0,0,0,0,0,0
2026-03-28 09:31:33.160,87.756,-1,1158,1140,-4.35,1,0,0,0,0,0,0,0
2026-03-28 09:31:33.225,87.821,0,1157,1140,-4.37,1,0,0,0,0,0,0,0
2026-03-28 09:31:33.305,87.902,0,1157,1140,-4.38,1,0,0,0,0,0,0,0
2026-03-28 09:31:33.401,87.997,0,1157,1140,-4.36,1,0,0,0,0,0,0,0
2026-03-28 09:31:33.480,88.077,-1,1156,1140,-4.34,1,0,0,0,0,0,0,0
2026-03-28 09:31:33.561,88.157,-1,1156,1140,-4.36,1,0,0,0,0,0,0,0
2026-03-28 09:31:33.672,88.269,-1,1156,1140,-4.36,1,0,0,0,0,0,0,0
2026-03-28 09:31:33.720,88.317,-1,1156,1140,-4.36,1,0,0,0,0,0,0,0
2026-03-28 09:31:33.833,88.429,-1,1156,1140,-4.38,1,0,0,0,0,0,0,0
2026-03-28 09:31:33.961,88.557,-1,1156,1140,-4.39,1,0,0,0,0,0,0,0
2026-03-28 09:31:34.025,88.621,-1,1156,1140,-4.38,1,0,0,0,0,0,0,0
2026-03-28 09:31:34.105,88.701,0,1156,1140,-4.37,1,0,0,0,0,0,0,0
2026-03-28 09:31:34.200,88.797,-1,1156,1140,-4.38,1,0,0,0,0,0,0,0
2026-03-28 09:31:34.281,88.877,-1,1156,1140,-4.4,1,0,0,0,0,0,0,0
2026-03-28 09:31:34.377,88.973,-1,1156,1140,-4.38,1,0,0,0,0,0,0,0
2026-03-28 09:31:34.472,89.069,0,1156,1140,-4.37,1,0,0,0,0,0,0,0
2026-03-28 09:31:34.537,89.134,-1,1156,1140,-4.36,1,0,0,0,0,0,0,0
2026-03-28 09:31:34.632,89.229,-1,1156,1140,-4.37,1,0,0,0,0,0,0,0
2026-03-28 09:31:34.696,89.293,-1,1156,1140,-4.38,1,0,0,0,0,0,0,0
2026-03-28 09:31:34.776,89.373,-1,1156,1140,-4.38,1,0,0,0,0,0,0,0
2026-03-28 09:31:34.841,89.437,-1,1156,1140,-4.37,1,0,0,0,0,0,0,0
2026-03-28 09:31:34.920,89.517,-1,1158,1139,-4.37,1,0,0,0,0,0,0,0
2026-03-28 09:31:34.952,89.549,-1,1157,1140,-4.36,1,0,0,0,0,0,0,0
2026-03-28 09:31:35.049,89.646,-1,1157,1140,-4.39,1,0,0,0,0,0,0,0
2026-03-28 09:31:35.161,89.757,0,1157,1140,-4.37,1,0,0,0,0,0,0,0
2026-03-28 09:31:35.272,89.869,-1,1156,1140,-4.4,1,0,0,0,0,0,0,0
2026-03-28 09:31:35.304,89.900,-1,1156,1140,-4.41,1,0,0,0,0,0,0,0
2026-03-28 09:31:35.369,89.965,-1,1156,1140,-4.37,1,0,0,0,0,0,0,0
2026-03-28 09:31:35.464,90.060,-1,1156,1140,-4.38,1,0,0,0,0,0,0,0
2026-03-28 09:31:35.528,90.125,-1,1156,1140,-4.38,1,0,0,0,0,0,0,0
2026-03-28 09:31:35.608,90.205,0,1156,1140,-4.39,1,0,0,0,0,0,0,0
2026-03-28 09:31:35.689,90.286,-1,1156,1140,-4.36,1,0,0,0,0,0,0,0
2026-03-28 09:31:35.784,90.381,-1,1156,1140,-4.35,1,0,0,0,0,0,0,0
2026-03-28 09:31:35.896,90.493,-1,1156,1140,-4.36,1,0,0,0,0,0,0,0
2026-03-28 09:31:35.977,90.573,-1,1156,1140,-4.37,1,0,0,0,0,0,0,0
2026-03-28 09:31:36.025,90.621,-1,1156,1140,-4.37,1,0,0,0,0,0,0,0
2026-03-28 09:31:36.089,90.685,-1,1156,1140,-4.36,1,0,0,0,0,0,0,0
2026-03-28 09:31:36.169,90.765,-1,1156,1140,-4.37,1,0,0,0,0,0,0,0
2026-03-28 09:31:36.264,90.861,-1,1156,1140,-4.36,1,0,0,0,0,0,0,0
2026-03-28 09:31:36.313,90.909,-1,1156,1140,-4.36,1,0,0,0,0,0,0,0
2026-03-28 09:31:36.377,90.973,-1,1156,1140,-4.37,1,0,0,0,0,0,0,0
2026-03-28 09:31:36.456,91.053,-1,1156,1140,-4.38,1,0,0,0,0,0,0,0
2026-03-28 09:31:36.520,91.117,0,1156,1140,-4.37,1,0,0,0,0,0,0,0
2026-03-28 09:31:36.616,91.213,-1,1156,1140,-4.35,1,0,0,0,0,0,0,0
2026-03-28 09:31:36.712,91.309,-1,1156,1140,-4.38,1,0,0,0,0,0,0,0
2026-03-28 09:31:36.775,91.372,-1,1158,1140,-4.36,1,0,0,0,0,0,0,0
2026-03-28 09:31:36.856,91.453,-1,1157,1140,-4.38,1,0,0,0,0,0,0,0
2026-03-28 09:31:36.936,91.533,-1,1157,1140,-4.38,1,0,0,0,0,0,0,0
2026-03-28 09:31:37.000,91.596,-1,1156,1140,-4.36,1,0,0,0,0,0,0,0
2026-03-28 09:31:37.065,91.661,-1,1156,1140,-4.37,1,0,0,0,0,0,0,0
2026-03-28 09:31:37.177,91.773,-1,1156,1140,-4.4,1,0,0,0,0,0,0,0
2026-03-28 09:31:37.305,91.901,-1,1156,1140,-4.36,1,0,0,0,0,0,0,0
2026-03-28 09:31:37.385,91.981,0,1156,1140,-4.37,1,0,0,0,0,0,0,0
2026-03-28 09:31:37.513,92.109,-1,1156,1140,-4.38,1,0,0,0,0,0,0,0
2026-03-28 09:31:37.623,92.220,-1,1156,1140,-4.39,1,0,0,0,0,0,0,0
2026-03-28 09:31:37.695,92.292,-1,1156,1140,-4.37,1,0,0,0,0,0,0,0
2026-03-28 09:31:37.768,92.364,-1,1156,1140,-4.38,1,0,0,0,0,0,0,0
2026-03-28 09:31:37.832,92.429,0,1156,1140,-4.35,1,0,0,0,0,0,0,0
2026-03-28 09:31:37.881,92.477,-1,1156,1140,-4.38,1,0,0,0,0,0,0,0
2026-03-28 09:31:37.977,92.573,1,1156,1140,-4.37,1,0,0,0,0,0,0,0
2026-03-28 09:31:38.057,92.653,0,1156,1140,-4.36,1,0,0,0,0,0,0,0
2026-03-28 09:31:38.088,92.685,-1,1156,1140,-4.39,1,0,0,0,0,0,0,0
2026-03-28 09:31:38.200,92.797,-1,1156,1140,-4.36,1,0,0,0,0,0,0,0
2026-03-28 09:31:38.268,92.864,-1,1156,1140,-4.37,1,0,0,0,0,0,0,0
2026-03-28 09:31:38.362,92.959,-1,1158,1139,-4.37,1,0,0,0,0,0,0,0
2026-03-28 09:31:38.442,93.038,0,1157,1140,-4.36,1,0,0,0,0,0,0,0
2026-03-28 09:31:38.520,93.116,0,1157,1140,-4.36,1,0,0,0,0,0,0,0
2026-03-28 09:31:38.616,93.213,-1,1158,1139,-4.37,1,0,0,0,0,0,0,0
2026-03-28 09:31:38.653,93.249,-1,1157,1140,-4.37,1,0,0,0,0,0,0,0
2026-03-28 09:31:38.779,93.375,-1,1157,1140,-4.37,1,0,0,0,0,0,0,0
2026-03-28 09:31:38.828,93.425,0,1157,1140,-4.37,1,0,0,0,0,0,0,0
2026-03-28 09:31:38.953,93.549,-1,1156,1140,-4.36,1,0,0,0,0,0,0,0
2026-03-28 09:31:38.986,93.583,0,1156,1140,-4.37,1,0,0,0,0,0,0,0
2026-03-28 09:31:39.096,93.693,0,1156,1140,-4.37,1,0,0,0,0,0,0,0
2026-03-28 09:31:39.257,93.854,-1,1156,1140,-4.37,1,0,0,0,0,0,0,0
2026-03-28 09:31:39.305,93.901,-1,1156,1140,-4.36,1,0,0,0,0,0,0,0
2026-03-28 09:31:39.369,93.965,-1,1156,1140,-4.37,1,0,0,0,0,0,0,0
2026-03-28 09:31:39.449,94.045,-1,1156,1140,-4.36,1,0,0,0,0,0,0,0
2026-03-28 09:31:39.533,94.129,-1,1156,1140,-4.38,1,0,0,0,0,0,0,0
2026-03-28 09:31:39.624,94.220,-1,1156,1140,-4.37,1,0,0,0,0,0,0,0
2026-03-28 09:31:39.659,94.255,-1,1156,1140,-4.38,1,0,0,0,0,0,0,0
2026-03-28 09:31:39.721,94.318,-1,1156,1140,-4.38,1,0,0,0,0,0,0,0
2026-03-28 09:31:39.800,94.396,-1,1156,1140,-4.37,1,0,0,0,0,0,0,0
2026-03-28 09:31:39.880,94.476,-1,1156,1140,-4.38,1,0,0,0,0,0,0,0
2026-03-28 09:31:39.944,94.541,-1,1156,1140,-4.41,1,0,0,0,0,0,0,0
2026-03-28 09:31:40.056,94.652,-1,1156,1140,-4.39,1,0,0,0,0,0,0,0
2026-03-28 09:31:40.216,94.812,-1,1156,1140,-4.38,1,0,0,0,0,0,0,0
2026-03-28 09:31:40.328,94.924,-1,1158,1140,-4.38,1,0,0,0,0,0,0,0
2026-03-28 09:31:40.380,94.976,-1,1157,1140,-4.39,1,0,0,0,0,0,0,0
2026-03-28 09:31:40.462,95.058,-1,1157,1138,-4.36,1,0,0,0,0,0,0,0
2026-03-28 09:31:40.569,95.165,-1,1157,1140,-4.39,1,0,0,0,0,0,0,0
2026-03-28 09:31:40.648,95.245,-1,1156,1142,-4.37,1,0,0,0,0,0,0,0
2026-03-28 09:31:40.745,95.341,-1,1156,1140,-4.38,1,0,0,0,0,0,0,0
